id,in_w3a,hotkey,researchhotkey,unhotkey,buttonpos,name,tip
Z000,False,,,,"0,1",,Select skill
Z001,False,,,,"1,1",,Select skill
Z002,False,,,,"2,1",,Select skill
Z003,False,,,,"3,1",,Select skill
Z004,False,,,,"0,1",,Remove Skill
Z005,False,,,,"1,1",,Remove Skill
Z006,False,,,,"2,1",,Remove Skill
Z007,False,,,,"3,1",,Remove Skill
Z010,False,,,,"0,1",,Closed skill
Z011,False,,,,"1,1",,Closed skill
Z012,False,,,,"2,1",,Closed skill
Z013,False,,,,"3,1",,Closed skill
Z014,False,,,,"0,2",,Unavailable skill
Z015,False,,,,"1,2",,Unavailable skill
Z016,False,,,,"2,2",,Unavailable skill
Z017,False,,,,"3,2",,Unavailable skill
Z020,False,,,,"0,0",,"""Melee Only"""
Z021,False,,,,"1,0",,"""Melee Only"""
Z022,False,,,,"2,0",,"""Melee Only"""
Z023,False,,,,"3,0",,"""Melee Only"""
Z024,False,,,,"0,0",,"""Ranged Only"""
Z025,False,,,,"1,0",,"""Ranged Only"""
Z026,False,,,,"2,0",,"""Ranged Only"""
Z027,False,,,,"3,0",,"""Ranged Only"""
Z030,False,,,,"0,0",,"""Melee Morph"""
Z031,False,,,,"1,0",,"""Melee Morph"""
Z032,False,,,,"2,0",,"""Melee Morph"""
Z033,False,,,,"3,0",,"""Melee Morph"""
Z034,False,,,,"0,0",,"""Ranged Morph"""
Z035,False,,,,"1,0",,"""Ranged Morph"""
Z036,False,,,,"2,0",,"""Ranged Morph"""
Z037,False,,,,"3,0",,"""Ranged Morph"""
Z042,False,T,"""T""",T,"1,2","""Light Strike Array""","""Light Strike Array - [Level 1]"""
Z217,False,,,,"0,1","""Last Word Effect LoD balanced""",""""""
Z234,False,B,"""B""",,"1,2","""Spin Web""","""Spin Web - [Level 1]"""
Z318,False,,,,"1,2",Necromastery,Necromastery
Z397,False,T,"""T""",,"0,2","""Split Earth""","""Split Earth - [Level 1]"""
Z601,False,T,"""T""",,"0,2","""Sun Strike""","""Sun Strike - [Level 1]"""
Z602,False,D,"""D""",,"0,2","""Chaos Meteor""","""Chaos Meteor [D] - [Level 1]"""
Z603,False,F,"""F""",,"0,2","""Forge Spirit""","""Forge Spirit - [Level 1]"""
Z604,False,Y,"""Y""",,"0,2","""Cold Snap""","""Cold Snap [Y] - [Level 1]"""
Z605,False,V,"""V""",,"0,2","""Ghost Walk""","""Ghost Walk [V] - [Level 1]"""
Z606,False,G,"""G""",,"0,2","""Ice Wall""","""Ice Wall [G] - [Level 1]"""
Z607,False,Z,"""Z""",,"0,2","""Alacrity""","""Alacrity [Z] - [Level 1]"""
Z608,False,X,"""X""",,"0,2","""Tornado""","""Tornado [X] - [Level 1]"""
Z609,False,C,"""C""",,"0,2","""EMP""","""EMP [C] - [Level 1]"""
Z610,False,B,"""B""",,"0,2","""Deafening Blast""","""Deafening Blast - [Level 1]"""
Z999,False,B,"""B""",,"0,2","""""",""""""
Y001,False,B,"""B""",,"0,2","""""",""""""
Y002,False,B,"""B""",,"0,2","""""",""""""
Y003,False,B,"""B""",,"0,2","""""",""""""
Y004,False,B,"""B""",,"0,2","""""",""""""
Y005,False,B,"""B""",,"0,2","""""",""""""
Y006,False,B,"""B""",,"0,2","""""",""""""
Y007,False,B,"""B""",,"0,2","""""",""""""
Y008,False,B,"""B""",,"0,2","""""",""""""
Y009,False,B,"""B""",,"0,2","""""",""""""
Y010,False,B,"""B""",,"0,2","""""",""""""
Y011,False,B,"""B""",,"0,2","""""",""""""
Y012,False,B,"""B""",,"0,2","""""",""""""
Y013,False,B,"""B""",,"0,2","""""",""""""
Y014,False,B,"""B""",,"0,2","""""",""""""
Y015,False,B,"""B""",,"0,2","""""",""""""
Y016,False,B,"""B""",,"0,2","""""",""""""
Y017,False,B,"""B""",,"0,2","""""",""""""
Y018,False,B,"""B""",,"0,2","""""",""""""
Y019,False,B,"""B""",,"0,2","""""",""""""
Y020,False,B,"""B""",,"0,2","""""",""""""
Y021,False,B,"""B""",,"0,2","""""",""""""
Y022,False,B,"""B""",,"0,2","""""",""""""
Y023,False,B,"""B""",,"0,2","""""",""""""
Y024,False,B,"""B""",,"0,2","""""",""""""
Y025,False,B,"""B""",,"0,2","""""",""""""
Y026,False,B,"""B""",,"0,2","""""",""""""
Y027,False,B,"""B""",,"0,2","""""",""""""
Y028,False,B,"""B""",,"0,2","""""",""""""
Y029,False,B,"""B""",,"0,2","""""",""""""
Y030,False,B,"""B""",,"0,2","""""",""""""
Y031,False,B,"""B""",,"0,2","""""",""""""
Y032,False,B,"""B""",,"0,2","""""",""""""
Y033,False,B,"""B""",,"0,2","""""",""""""
Y034,False,B,"""B""",,"0,2","""""",""""""
Y035,False,B,"""B""",,"0,2","""""",""""""
Y036,False,B,"""B""",,"0,2","""""",""""""
Y037,False,B,"""B""",,"0,2","""""",""""""
Y038,False,B,"""B""",,"0,2","""""",""""""
Y039,False,B,"""B""",,"0,2","""""",""""""
Y040,False,B,"""B""",,"0,2","""""",""""""
Y041,False,B,"""B""",,"0,2","""""",""""""
Y042,False,B,"""B""",,"0,2","""""",""""""
Y043,False,B,"""B""",,"0,2","""""",""""""
Y044,False,B,"""B""",,"0,2","""""",""""""
Y045,False,B,"""B""",,"0,2","""""",""""""
Y046,False,B,"""B""",,"0,2","""""",""""""
Y047,False,B,"""B""",,"0,2","""""",""""""
Y048,False,B,"""B""",,"0,2","""""",""""""
Y049,False,B,"""B""",,"0,2","""""",""""""
Y050,False,B,"""B""",,"0,2","""""",""""""
Y051,False,B,"""B""",,"0,2","""""",""""""
Y052,False,B,"""B""",,"0,2","""""",""""""
Y053,False,B,"""B""",,"0,2","""""",""""""
Y054,False,B,"""B""",,"0,2","""""",""""""
Y055,False,B,"""B""",,"0,2","""""",""""""
Y056,False,B,"""B""",,"0,2","""""",""""""
Y057,False,B,"""B""",,"0,2","""""",""""""
Y058,False,B,"""B""",,"0,2","""""",""""""
Y059,False,B,"""B""",,"0,2","""""",""""""
Y060,False,B,"""B""",,"0,2","""""",""""""
Y061,False,B,"""B""",,"0,2","""""",""""""
Y062,False,B,"""B""",,"0,2","""""",""""""
Y063,False,B,"""B""",,"0,2","""""",""""""
Y064,False,B,"""B""",,"0,2","""""",""""""
Y065,False,B,"""B""",,"0,2","""""",""""""
Y066,False,B,"""B""",,"0,2","""""",""""""
Y067,False,B,"""B""",,"0,2","""""",""""""
Y068,False,B,"""B""",,"0,2","""""",""""""
Y069,False,B,"""B""",,"0,2","""""",""""""
Y070,False,B,"""B""",,"0,2","""""",""""""
Y071,False,B,"""B""",,"0,2","""""",""""""
Y072,False,B,"""B""",,"0,2","""""",""""""
Y073,False,B,"""B""",,"0,2","""""",""""""
Y074,False,B,"""B""",,"0,2","""""",""""""
Y075,False,B,"""B""",,"0,2","""""",""""""
Y076,False,B,"""B""",,"0,2","""""",""""""
Y077,False,B,"""B""",,"0,2","""""",""""""
Y078,False,B,"""B""",,"0,2","""""",""""""
Y079,False,B,"""B""",,"0,2","""""",""""""
Y080,False,B,"""B""",,"0,2","""""",""""""
Y081,False,B,"""B""",,"0,2","""""",""""""
Y082,False,B,"""B""",,"0,2","""""",""""""
Y083,False,B,"""B""",,"0,2","""""",""""""
Y084,False,B,"""B""",,"0,2","""""",""""""
Y085,False,B,"""B""",,"0,2","""""",""""""
Y086,False,B,"""B""",,"0,2","""""",""""""
Y087,False,B,"""B""",,"0,2","""""",""""""
Y088,False,B,"""B""",,"0,2","""""",""""""
Y089,False,B,"""B""",,"0,2","""""",""""""
Y090,False,B,"""B""",,"0,2","""""",""""""
Y091,False,B,"""B""",,"0,2","""""",""""""
Y092,False,B,"""B""",,"0,2","""""",""""""
Y093,False,B,"""B""",,"0,2","""""",""""""
Y094,False,B,"""B""",,"0,2","""""",""""""
Y095,False,B,"""B""",,"0,2","""""",""""""
Y096,False,B,"""B""",,"0,2","""""",""""""
Y097,False,B,"""B""",,"0,2","""""",""""""
Y098,False,B,"""B""",,"0,2","""""",""""""
Y099,False,B,"""B""",,"0,2","""""",""""""
Y100,False,B,"""B""",,"0,2","""""",""""""
Y101,False,B,"""B""",,"0,2","""""",""""""
Y102,False,B,"""B""",,"0,2","""""",""""""
Y103,False,B,"""B""",,"0,2","""""",""""""
Y104,False,B,"""B""",,"0,2","""""",""""""
Y105,False,B,"""B""",,"0,2","""""",""""""
Y106,False,B,"""B""",,"0,2","""""",""""""
Y107,False,B,"""B""",,"0,2","""""",""""""
Y108,False,B,"""B""",,"0,2","""""",""""""
Y109,False,B,"""B""",,"0,2","""""",""""""
Y110,False,B,"""B""",,"0,2","""""",""""""
Y111,False,B,"""B""",,"0,2","""""",""""""
Y112,False,B,"""B""",,"0,2","""""",""""""
Y113,False,B,"""B""",,"0,2","""""",""""""
Y114,False,B,"""B""",,"0,2","""""",""""""
Y115,False,B,"""B""",,"0,2","""""",""""""
Y116,False,B,"""B""",,"0,2","""""",""""""
Y117,False,B,"""B""",,"0,2","""""",""""""
Y118,False,B,"""B""",,"0,2","""""",""""""
Y119,False,B,"""B""",,"0,2","""""",""""""
Y120,False,B,"""B""",,"0,2","""""",""""""
Y121,False,B,"""B""",,"0,2","""""",""""""
Y122,False,B,"""B""",,"0,2","""""",""""""
Y123,False,B,"""B""",,"0,2","""""",""""""
Y124,False,B,"""B""",,"0,2","""""",""""""
Y125,False,B,"""B""",,"0,2","""""",""""""
Y126,False,B,"""B""",,"0,2","""""",""""""
Y127,False,B,"""B""",,"0,2","""""",""""""
Y128,False,B,"""B""",,"0,2","""""",""""""
Y129,False,B,"""B""",,"0,2","""""",""""""
Y130,False,B,"""B""",,"0,2","""""",""""""
Y131,False,B,"""B""",,"0,2","""""",""""""
Y132,False,B,"""B""",,"0,2","""""",""""""
Y133,False,B,"""B""",,"0,2","""""",""""""
Y134,False,B,"""B""",,"0,2","""""",""""""
Y135,False,B,"""B""",,"0,2","""""",""""""
Y136,False,B,"""B""",,"0,2","""""",""""""
Y137,False,B,"""B""",,"0,2","""""",""""""
Y138,False,B,"""B""",,"0,2","""""",""""""
Y139,False,B,"""B""",,"0,2","""""",""""""
Y140,False,B,"""B""",,"0,2","""""",""""""
Y141,False,B,"""B""",,"0,2","""""",""""""
Y142,False,B,"""B""",,"0,2","""""",""""""
Y143,False,B,"""B""",,"0,2","""""",""""""
Y144,False,B,"""B""",,"0,2","""""",""""""
Y145,False,B,"""B""",,"0,2","""""",""""""
Y146,False,B,"""B""",,"0,2","""""",""""""
Y147,False,B,"""B""",,"0,2","""""",""""""
Y148,False,B,"""B""",,"0,2","""""",""""""
Y149,False,B,"""B""",,"0,2","""""",""""""
Y150,False,B,"""B""",,"0,2","""""",""""""
Y151,False,B,"""B""",,"0,2","""""",""""""
Y152,False,B,"""B""",,"0,2","""""",""""""
Y153,False,B,"""B""",,"0,2","""""",""""""
Y154,False,B,"""B""",,"0,2","""""",""""""
Y155,False,B,"""B""",,"0,2","""""",""""""
Y156,False,B,"""B""",,"0,2","""""",""""""
Y157,False,B,"""B""",,"0,2","""""",""""""
Y158,False,B,"""B""",,"0,2","""""",""""""
Y159,False,B,"""B""",,"0,2","""""",""""""
Y160,False,B,"""B""",,"0,2","""""",""""""
Y161,False,B,"""B""",,"0,2","""""",""""""
Y162,False,B,"""B""",,"0,2","""""",""""""
Y163,False,B,"""B""",,"0,2","""""",""""""
Y164,False,B,"""B""",,"0,2","""""",""""""
Y165,False,B,"""B""",,"0,2","""""",""""""
Y166,False,B,"""B""",,"0,2","""""",""""""
Y167,False,B,"""B""",,"0,2","""""",""""""
Y168,False,B,"""B""",,"0,2","""""",""""""
Y169,False,B,"""B""",,"0,2","""""",""""""
Y170,False,B,"""B""",,"0,2","""""",""""""
Y171,False,B,"""B""",,"0,2","""""",""""""
Y172,False,B,"""B""",,"0,2","""""",""""""
Y173,False,B,"""B""",,"0,2","""""",""""""
Y174,False,B,"""B""",,"0,2","""""",""""""
Y175,False,B,"""B""",,"0,2","""""",""""""
Y176,False,B,"""B""",,"0,2","""""",""""""
Y177,False,B,"""B""",,"0,2","""""",""""""
Y178,False,B,"""B""",,"0,2","""""",""""""
Y179,False,B,"""B""",,"0,2","""""",""""""
Y180,False,B,"""B""",,"0,2","""""",""""""
Y181,False,B,"""B""",,"0,2","""""",""""""
Y182,False,B,"""B""",,"0,2","""""",""""""
Y183,False,B,"""B""",,"0,2","""""",""""""
Y184,False,B,"""B""",,"0,2","""""",""""""
Y185,False,B,"""B""",,"0,2","""""",""""""
Y186,False,B,"""B""",,"0,2","""""",""""""
Y187,False,B,"""B""",,"0,2","""""",""""""
Y188,False,B,"""B""",,"0,2","""""",""""""
Y189,False,B,"""B""",,"0,2","""""",""""""
Y190,False,B,"""B""",,"0,2","""""",""""""
Y191,False,B,"""B""",,"0,2","""""",""""""
Y192,False,B,"""B""",,"0,2","""""",""""""
Y193,False,B,"""B""",,"0,2","""""",""""""
Y194,False,B,"""B""",,"0,2","""""",""""""
Y195,False,B,"""B""",,"0,2","""""",""""""
Y196,False,B,"""B""",,"0,2","""""",""""""
Y197,False,B,"""B""",,"0,2","""""",""""""
Y198,False,B,"""B""",,"0,2","""""",""""""
Y199,False,B,"""B""",,"0,2","""""",""""""
Y200,False,B,"""B""",,"0,2","""""",""""""
Y201,False,B,"""B""",,"0,2","""""",""""""
Y202,False,B,"""B""",,"0,2","""""",""""""
Y203,False,B,"""B""",,"0,2","""""",""""""
Y204,False,B,"""B""",,"0,2","""""",""""""
Y205,False,B,"""B""",,"0,2","""""",""""""
Y206,False,B,"""B""",,"0,2","""""",""""""
Y207,False,B,"""B""",,"0,2","""""",""""""
Y208,False,B,"""B""",,"0,2","""""",""""""
Y209,False,B,"""B""",,"0,2","""""",""""""
Y210,False,B,"""B""",,"0,2","""""",""""""
Y211,False,B,"""B""",,"0,2","""""",""""""
Y212,False,B,"""B""",,"0,2","""""",""""""
Y213,False,B,"""B""",,"0,2","""""",""""""
Y214,False,B,"""B""",,"0,2","""""",""""""
Y215,False,B,"""B""",,"0,2","""""",""""""
Y216,False,B,"""B""",,"0,2","""""",""""""
Y217,False,B,"""B""",,"0,2","""""",""""""
Y218,False,B,"""B""",,"0,2","""""",""""""
Y219,False,B,"""B""",,"0,2","""""",""""""
Y220,False,B,"""B""",,"0,2","""""",""""""
Y221,False,B,"""B""",,"0,2","""""",""""""
Y222,False,B,"""B""",,"0,2","""""",""""""
Y223,False,B,"""B""",,"0,2","""""",""""""
Y224,False,B,"""B""",,"0,2","""""",""""""
Y225,False,B,"""B""",,"0,2","""""",""""""
Y226,False,B,"""B""",,"0,2","""""",""""""
Y227,False,B,"""B""",,"0,2","""""",""""""
Y228,False,B,"""B""",,"0,2","""""",""""""
Y229,False,B,"""B""",,"0,2","""""",""""""
Y230,False,B,"""B""",,"0,2","""""",""""""
Y231,False,B,"""B""",,"0,2","""""",""""""
Y232,False,B,"""B""",,"0,2","""""",""""""
Y233,False,B,"""B""",,"0,2","""""",""""""
Y234,False,B,"""B""",,"0,2","""""",""""""
Y235,False,B,"""B""",,"0,2","""""",""""""
Y236,False,B,"""B""",,"0,2","""""",""""""
Y237,False,B,"""B""",,"0,2","""""",""""""
Y238,False,B,"""B""",,"0,2","""""",""""""
Y239,False,B,"""B""",,"0,2","""""",""""""
Y240,False,B,"""B""",,"0,2","""""",""""""
Y241,False,B,"""B""",,"0,2","""""",""""""
Y242,False,B,"""B""",,"0,2","""""",""""""
Y243,False,B,"""B""",,"0,2","""""",""""""
Y244,False,B,"""B""",,"0,2","""""",""""""
Y245,False,B,"""B""",,"0,2","""""",""""""
Y246,False,B,"""B""",,"0,2","""""",""""""
Y247,False,B,"""B""",,"0,2","""""",""""""
Y248,False,B,"""B""",,"0,2","""""",""""""
Y249,False,B,"""B""",,"0,2","""""",""""""
Y250,False,B,"""B""",,"0,2","""""",""""""
Y251,False,B,"""B""",,"0,2","""""",""""""
Y252,False,B,"""B""",,"0,2","""""",""""""
Y253,False,B,"""B""",,"0,2","""""",""""""
Y254,False,B,"""B""",,"0,2","""""",""""""
Y255,False,B,"""B""",,"0,2","""""",""""""
Y256,False,B,"""B""",,"0,2","""""",""""""
Y257,False,B,"""B""",,"0,2","""""",""""""
Y258,False,B,"""B""",,"0,2","""""",""""""
Y259,False,B,"""B""",,"0,2","""""",""""""
Y260,False,B,"""B""",,"0,2","""""",""""""
Y261,False,B,"""B""",,"0,2","""""",""""""
Y262,False,B,"""B""",,"0,2","""""",""""""
Y263,False,B,"""B""",,"0,2","""""",""""""
Y264,False,B,"""B""",,"0,2","""""",""""""
Y265,False,B,"""B""",,"0,2","""""",""""""
Y266,False,B,"""B""",,"0,2","""""",""""""
Y267,False,B,"""B""",,"0,2","""""",""""""
Y268,False,B,"""B""",,"0,2","""""",""""""
Y269,False,B,"""B""",,"0,2","""""",""""""
Y270,False,B,"""B""",,"0,2","""""",""""""
Y271,False,B,"""B""",,"0,2","""""",""""""
Y272,False,B,"""B""",,"0,2","""""",""""""
Y273,False,B,"""B""",,"0,2","""""",""""""
Y274,False,B,"""B""",,"0,2","""""",""""""
Y275,False,B,"""B""",,"0,2","""""",""""""
Y276,False,B,"""B""",,"0,2","""""",""""""
Y277,False,B,"""B""",,"0,2","""""",""""""
Y278,False,B,"""B""",,"0,2","""""",""""""
Y279,False,B,"""B""",,"0,2","""""",""""""
Y280,False,B,"""B""",,"0,2","""""",""""""
Y281,False,B,"""B""",,"0,2","""""",""""""
Y282,False,B,"""B""",,"0,2","""""",""""""
Y283,False,B,"""B""",,"0,2","""""",""""""
Y284,False,B,"""B""",,"0,2","""""",""""""
Y285,False,B,"""B""",,"0,2","""""",""""""
Y286,False,B,"""B""",,"0,2","""""",""""""
Y287,False,B,"""B""",,"0,2","""""",""""""
Y288,False,B,"""B""",,"0,2","""""",""""""
Y289,False,B,"""B""",,"0,2","""""",""""""
Y290,False,B,"""B""",,"0,2","""""",""""""
Y291,False,B,"""B""",,"0,2","""""",""""""
Y292,False,B,"""B""",,"0,2","""""",""""""
Y293,False,B,"""B""",,"0,2","""""",""""""
Y294,False,B,"""B""",,"0,2","""""",""""""
Y295,False,B,"""B""",,"0,2","""""",""""""
Y296,False,B,"""B""",,"0,2","""""",""""""
Y297,False,B,"""B""",,"0,2","""""",""""""
Y298,False,B,"""B""",,"0,2","""""",""""""
Y299,False,B,"""B""",,"0,2","""""",""""""
Y300,False,B,"""B""",,"0,2","""""",""""""
Y301,False,B,"""B""",,"0,2","""""",""""""
Y302,False,B,"""B""",,"0,2","""""",""""""
Y303,False,B,"""B""",,"0,2","""""",""""""
Y304,False,B,"""B""",,"0,2","""""",""""""
Y305,False,B,"""B""",,"0,2","""""",""""""
Y306,False,B,"""B""",,"0,2","""""",""""""
Y307,False,B,"""B""",,"0,2","""""",""""""
Y308,False,B,"""B""",,"0,2","""""",""""""
Y309,False,B,"""B""",,"0,2","""""",""""""
Y310,False,B,"""B""",,"0,2","""""",""""""
Y311,False,B,"""B""",,"0,2","""""",""""""
Y312,False,B,"""B""",,"0,2","""""",""""""
Y313,False,B,"""B""",,"0,2","""""",""""""
Y314,False,B,"""B""",,"0,2","""""",""""""
Y315,False,B,"""B""",,"0,2","""""",""""""
Y316,False,B,"""B""",,"0,2","""""",""""""
Y317,False,B,"""B""",,"0,2","""""",""""""
Y318,False,B,"""B""",,"0,2","""""",""""""
Y319,False,B,"""B""",,"0,2","""""",""""""
Y320,False,B,"""B""",,"0,2","""""",""""""
Y321,False,B,"""B""",,"0,2","""""",""""""
Y322,False,B,"""B""",,"0,2","""""",""""""
Y323,False,B,"""B""",,"0,2","""""",""""""
Y324,False,B,"""B""",,"0,2","""""",""""""
Y325,False,B,"""B""",,"0,2","""""",""""""
Y326,False,B,"""B""",,"0,2","""""",""""""
Y327,False,B,"""B""",,"0,2","""""",""""""
Y328,False,B,"""B""",,"0,2","""""",""""""
Y329,False,B,"""B""",,"0,2","""""",""""""
Y330,False,B,"""B""",,"0,2","""""",""""""
Y331,False,B,"""B""",,"0,2","""""",""""""
Y332,False,B,"""B""",,"0,2","""""",""""""
Y333,False,B,"""B""",,"0,2","""""",""""""
Y334,False,B,"""B""",,"0,2","""""",""""""
Y335,False,B,"""B""",,"0,2","""""",""""""
Y336,False,B,"""B""",,"0,2","""""",""""""
Y337,False,B,"""B""",,"0,2","""""",""""""
Y338,False,B,"""B""",,"0,2","""""",""""""
Y339,False,B,"""B""",,"0,2","""""",""""""
Y340,False,B,"""B""",,"0,2","""""",""""""
Y341,False,B,"""B""",,"0,2","""""",""""""
Y342,False,B,"""B""",,"0,2","""""",""""""
Y343,False,B,"""B""",,"0,2","""""",""""""
Y344,False,B,"""B""",,"0,2","""""",""""""
Y345,False,B,"""B""",,"0,2","""""",""""""
Y346,False,B,"""B""",,"0,2","""""",""""""
Y347,False,B,"""B""",,"0,2","""""",""""""
Y348,False,B,"""B""",,"0,2","""""",""""""
Y349,False,B,"""B""",,"0,2","""""",""""""
Y350,False,B,"""B""",,"0,2","""""",""""""
Y351,False,B,"""B""",,"0,2","""""",""""""
Y352,False,B,"""B""",,"0,2","""""",""""""
Y353,False,B,"""B""",,"0,2","""""",""""""
Y354,False,B,"""B""",,"0,2","""""",""""""
Y355,False,B,"""B""",,"0,2","""""",""""""
Y356,False,B,"""B""",,"0,2","""""",""""""
Y357,False,B,"""B""",,"0,2","""""",""""""
Y358,False,B,"""B""",,"0,2","""""",""""""
Y359,False,B,"""B""",,"0,2","""""",""""""
Y360,False,B,"""B""",,"0,2","""""",""""""
Y361,False,B,"""B""",,"0,2","""""",""""""
Y362,False,B,"""B""",,"0,2","""""",""""""
Y363,False,B,"""B""",,"0,2","""""",""""""
Y364,False,B,"""B""",,"0,2","""""",""""""
Y365,False,B,"""B""",,"0,2","""""",""""""
Y366,False,B,"""B""",,"0,2","""""",""""""
Y367,False,B,"""B""",,"0,2","""""",""""""
Y368,False,B,"""B""",,"0,2","""""",""""""
Y369,False,B,"""B""",,"0,2","""""",""""""
Y370,False,B,"""B""",,"0,2","""""",""""""
Y371,False,B,"""B""",,"0,2","""""",""""""
Y372,False,B,"""B""",,"0,2","""""",""""""
Y373,False,B,"""B""",,"0,2","""""",""""""
Y374,False,B,"""B""",,"0,2","""""",""""""
Y375,False,B,"""B""",,"0,2","""""",""""""
Y376,False,B,"""B""",,"0,2","""""",""""""
Y377,False,B,"""B""",,"0,2","""""",""""""
Y378,False,B,"""B""",,"0,2","""""",""""""
Y379,False,B,"""B""",,"0,2","""""",""""""
Y380,False,B,"""B""",,"0,2","""""",""""""
Y381,False,B,"""B""",,"0,2","""""",""""""
Y382,False,B,"""B""",,"0,2","""""",""""""
Y383,False,B,"""B""",,"0,2","""""",""""""
Y384,False,B,"""B""",,"0,2","""""",""""""
Y385,False,B,"""B""",,"0,2","""""",""""""
Y386,False,B,"""B""",,"0,2","""""",""""""
Y387,False,B,"""B""",,"0,2","""""",""""""
Y388,False,B,"""B""",,"0,2","""""",""""""
Y389,False,B,"""B""",,"0,2","""""",""""""
Y390,False,B,"""B""",,"0,2","""""",""""""
Y391,False,B,"""B""",,"0,2","""""",""""""
Y392,False,B,"""B""",,"0,2","""""",""""""
Y393,False,B,"""B""",,"0,2","""""",""""""
Y394,False,B,"""B""",,"0,2","""""",""""""
Y395,False,B,"""B""",,"0,2","""""",""""""
Y396,False,B,"""B""",,"0,2","""""",""""""
Y397,False,B,"""B""",,"0,2","""""",""""""
Y398,False,B,"""B""",,"0,2","""""",""""""
Y399,False,B,"""B""",,"0,2","""""",""""""
Y400,False,B,"""B""",,"0,2","""""",""""""
Y401,False,B,"""B""",,"0,2","""""",""""""
Y402,False,B,"""B""",,"0,2","""""",""""""
Y403,False,B,"""B""",,"0,2","""""",""""""
Y404,False,B,"""B""",,"0,2","""""",""""""
Y405,False,B,"""B""",,"0,2","""""",""""""
Y406,False,B,"""B""",,"0,2","""""",""""""
Y407,False,B,"""B""",,"0,2","""""",""""""
Y408,False,B,"""B""",,"0,2","""""",""""""
Y409,False,B,"""B""",,"0,2","""""",""""""
Y410,False,B,"""B""",,"0,2","""""",""""""
Y411,False,B,"""B""",,"0,2","""""",""""""
Y412,False,B,"""B""",,"0,2","""""",""""""
Y413,False,B,"""B""",,"0,2","""""",""""""
Y414,False,B,"""B""",,"0,2","""""",""""""
Y415,False,B,"""B""",,"0,2","""""",""""""
Y416,False,B,"""B""",,"0,2","""""",""""""
Y417,False,B,"""B""",,"0,2","""""",""""""
Y418,False,B,"""B""",,"0,2","""""",""""""
Y419,False,B,"""B""",,"0,2","""""",""""""
Y420,False,B,"""B""",,"0,2","""""",""""""
Y421,False,B,"""B""",,"0,2","""""",""""""
Y422,False,B,"""B""",,"0,2","""""",""""""
Y423,False,B,"""B""",,"0,2","""""",""""""
Y424,False,B,"""B""",,"0,2","""""",""""""
Y425,False,B,"""B""",,"0,2","""""",""""""
Y426,False,B,"""B""",,"0,2","""""",""""""
Y427,False,B,"""B""",,"0,2","""""",""""""
Y428,False,B,"""B""",,"0,2","""""",""""""
Y429,False,B,"""B""",,"0,2","""""",""""""
Y430,False,B,"""B""",,"0,2","""""",""""""
Y431,False,B,"""B""",,"0,2","""""",""""""
Y432,False,B,"""B""",,"0,2","""""",""""""
Y601,False,B,"""B""",,"0,2","""""",""""""
Y602,False,B,"""B""",,"0,2","""""",""""""
Y603,False,B,"""B""",,"0,2","""""",""""""
Y604,False,B,"""B""",,"0,2","""""",""""""
Y605,False,B,"""B""",,"0,2","""""",""""""
Y606,False,B,"""B""",,"0,2","""""",""""""
Y607,False,B,"""B""",,"0,2","""""",""""""
Y608,False,B,"""B""",,"0,2","""""",""""""
Y609,False,B,"""B""",,"0,2","""""",""""""
Y610,False,B,"""B""",,"0,2","""""",""""""
M000,False,B,"""B""",,"0,2","""""",""""""
M001,False,B,"""B""",,"0,2","""""",""""""
M002,False,B,"""B""",,"0,2","""""",""""""
M003,False,B,"""B""",,"0,2","""""",""""""
M004,False,B,"""B""",,"0,2","""""",""""""
M005,False,B,"""B""",,"0,2","""""",""""""
M006,False,B,"""B""",,"0,2","""""",""""""
M007,False,B,"""B""",,"0,2","""""",""""""
M008,False,B,"""B""",,"0,2","""""",""""""
M009,False,B,"""B""",,"0,2","""""",""""""
M010,False,B,"""B""",,"0,2","""""",""""""
M011,False,B,"""B""",,"0,2","""""",""""""
M012,False,B,"""B""",,"0,2","""""",""""""
M013,False,B,"""B""",,"0,2","""""",""""""
M014,False,B,"""B""",,"0,2","""""",""""""
M015,False,B,"""B""",,"0,2","""""",""""""
M016,False,B,"""B""",,"0,2","""""",""""""
M017,False,B,"""B""",,"0,2","""""",""""""
M018,False,B,"""B""",,"0,2","""""",""""""
M019,False,B,"""B""",,"0,2","""""",""""""
M020,False,B,"""B""",,"0,2","""""",""""""
M021,False,B,"""B""",,"0,2","""""",""""""
M022,False,B,"""B""",,"0,2","""""",""""""
M023,False,B,"""B""",,"0,2","""""",""""""
M024,False,B,"""B""",,"0,2","""""",""""""
M025,False,B,"""B""",,"0,2","""""",""""""
M026,False,B,"""B""",,"0,2","""""",""""""
M027,False,B,"""B""",,"0,2","""""",""""""
M028,False,B,"""B""",,"0,2","""""",""""""
M029,False,B,"""B""",,"0,2","""""",""""""
M030,False,B,"""B""",,"0,2","""""",""""""
M031,False,B,"""B""",,"0,2","""""",""""""
M032,False,B,"""B""",,"0,2","""""",""""""
M033,False,B,"""B""",,"0,2","""""",""""""
M034,False,B,"""B""",,"0,2","""""",""""""
M035,False,B,"""B""",,"0,2","""""",""""""
M036,False,B,"""B""",,"0,2","""""",""""""
M037,False,B,"""B""",,"0,2","""""",""""""
M038,False,B,"""B""",,"0,2","""""",""""""
M039,False,B,"""B""",,"0,2","""""",""""""
M040,False,B,"""B""",,"0,2","""""",""""""
M041,False,B,"""B""",,"0,2","""""",""""""
M042,False,B,"""B""",,"0,2","""""",""""""
M043,False,B,"""B""",,"0,2","""""",""""""
M044,False,B,"""B""",,"0,2","""""",""""""
M045,False,B,"""B""",,"0,2","""""",""""""
M046,False,B,"""B""",,"0,2","""""",""""""
M047,False,B,"""B""",,"0,2","""""",""""""
M048,False,B,"""B""",,"0,2","""""",""""""
M049,False,B,"""B""",,"0,2","""""",""""""
M050,False,B,"""B""",,"0,2","""""",""""""
M051,False,B,"""B""",,"0,2","""""",""""""
M052,False,B,"""B""",,"0,2","""""",""""""
M053,False,B,"""B""",,"0,2","""""",""""""
M054,False,B,"""B""",,"0,2","""""",""""""
M055,False,B,"""B""",,"0,2","""""",""""""
M056,False,B,"""B""",,"0,2","""""",""""""
M057,False,B,"""B""",,"0,2","""""",""""""
M058,False,B,"""B""",,"0,2","""""",""""""
M059,False,B,"""B""",,"0,2","""""",""""""
M060,False,B,"""B""",,"0,2","""""",""""""
M061,False,B,"""B""",,"0,2","""""",""""""
M062,False,B,"""B""",,"0,2","""""",""""""
M063,False,B,"""B""",,"0,2","""""",""""""
M064,False,B,"""B""",,"0,2","""""",""""""
M065,False,B,"""B""",,"0,2","""""",""""""
M066,False,B,"""B""",,"0,2","""""",""""""
M067,False,B,"""B""",,"0,2","""""",""""""
M068,False,B,"""B""",,"0,2","""""",""""""
M069,False,B,"""B""",,"0,2","""""",""""""
M070,False,B,"""B""",,"0,2","""""",""""""
M071,False,B,"""B""",,"0,2","""""",""""""
M072,False,B,"""B""",,"0,2","""""",""""""
M073,False,B,"""B""",,"0,2","""""",""""""
M074,False,B,"""B""",,"0,2","""""",""""""
M075,False,B,"""B""",,"0,2","""""",""""""
M076,False,B,"""B""",,"0,2","""""",""""""
M077,False,B,"""B""",,"0,2","""""",""""""
M078,False,B,"""B""",,"0,2","""""",""""""
M079,False,B,"""B""",,"0,2","""""",""""""
M080,False,B,"""B""",,"0,2","""""",""""""
M081,False,B,"""B""",,"0,2","""""",""""""
M082,False,B,"""B""",,"0,2","""""",""""""
M083,False,B,"""B""",,"0,2","""""",""""""
M084,False,B,"""B""",,"0,2","""""",""""""
M085,False,B,"""B""",,"0,2","""""",""""""
M086,False,B,"""B""",,"0,2","""""",""""""
M087,False,B,"""B""",,"0,2","""""",""""""
M088,False,B,"""B""",,"0,2","""""",""""""
M089,False,B,"""B""",,"0,2","""""",""""""
M090,False,B,"""B""",,"0,2","""""",""""""
M091,False,B,"""B""",,"0,2","""""",""""""
M092,False,B,"""B""",,"0,2","""""",""""""
M093,False,B,"""B""",,"0,2","""""",""""""
M094,False,B,"""B""",,"0,2","""""",""""""
M095,False,B,"""B""",,"0,2","""""",""""""
M096,False,B,"""B""",,"0,2","""""",""""""
M097,False,B,"""B""",,"0,2","""""",""""""
M098,False,B,"""B""",,"0,2","""""",""""""
M099,False,B,"""B""",,"0,2","""""",""""""
M100,False,B,"""B""",,"0,2","""""",""""""
M101,False,B,"""B""",,"0,2","""""",""""""
M102,False,B,"""B""",,"0,2","""""",""""""
M103,False,B,"""B""",,"0,2","""""",""""""
M104,False,B,"""B""",,"0,2","""""",""""""
M105,False,B,"""B""",,"0,2","""""",""""""
M106,False,B,"""B""",,"0,2","""""",""""""
M107,False,B,"""B""",,"0,2","""""",""""""
M108,False,B,"""B""",,"0,2","""""",""""""
M109,False,B,"""B""",,"0,2","""""",""""""
M110,False,B,"""B""",,"0,2","""""",""""""
M111,False,B,"""B""",,"0,2","""""",""""""
M112,False,B,"""B""",,"0,2","""""",""""""
M113,False,B,"""B""",,"0,2","""""",""""""
M114,False,B,"""B""",,"0,2","""""",""""""
M115,False,B,"""B""",,"0,2","""""",""""""
M116,False,B,"""B""",,"0,2","""""",""""""
M117,False,B,"""B""",,"0,2","""""",""""""
M118,False,B,"""B""",,"0,2","""""",""""""
M119,False,B,"""B""",,"0,2","""""",""""""
M120,False,B,"""B""",,"0,2","""""",""""""
M121,False,B,"""B""",,"0,2","""""",""""""
M122,False,B,"""B""",,"0,2","""""",""""""
M123,False,B,"""B""",,"0,2","""""",""""""
M124,False,B,"""B""",,"0,2","""""",""""""
M125,False,B,"""B""",,"0,2","""""",""""""
M126,False,B,"""B""",,"0,2","""""",""""""
M127,False,B,"""B""",,"0,2","""""",""""""
M128,False,B,"""B""",,"0,2","""""",""""""
M129,False,B,"""B""",,"0,2","""""",""""""
M130,False,B,"""B""",,"0,2","""""",""""""
M131,False,B,"""B""",,"0,2","""""",""""""
M132,False,B,"""B""",,"0,2","""""",""""""
M133,False,B,"""B""",,"0,2","""""",""""""
M134,False,B,"""B""",,"0,2","""""",""""""
M135,False,B,"""B""",,"0,2","""""",""""""
M136,False,B,"""B""",,"0,2","""""",""""""
M137,False,B,"""B""",,"0,2","""""",""""""
M138,False,B,"""B""",,"0,2","""""",""""""
M139,False,B,"""B""",,"0,2","""""",""""""
M140,False,B,"""B""",,"0,2","""""",""""""
M141,False,B,"""B""",,"0,2","""""",""""""
M142,False,B,"""B""",,"0,2","""""",""""""
M143,False,B,"""B""",,"0,2","""""",""""""
M144,False,B,"""B""",,"0,2","""""",""""""
M145,False,B,"""B""",,"0,2","""""",""""""
M146,False,B,"""B""",,"0,2","""""",""""""
M147,False,B,"""B""",,"0,2","""""",""""""
M148,False,B,"""B""",,"0,2","""""",""""""
M149,False,B,"""B""",,"0,2","""""",""""""
M150,False,B,"""B""",,"0,2","""""",""""""
M151,False,B,"""B""",,"0,2","""""",""""""
M152,False,B,"""B""",,"0,2","""""",""""""
M153,False,B,"""B""",,"0,2","""""",""""""
M154,False,B,"""B""",,"0,2","""""",""""""
M155,False,B,"""B""",,"0,2","""""",""""""
M156,False,B,"""B""",,"0,2","""""",""""""
M157,False,B,"""B""",,"0,2","""""",""""""
M158,False,B,"""B""",,"0,2","""""",""""""
M159,False,B,"""B""",,"0,2","""""",""""""
M160,False,B,"""B""",,"0,2","""""",""""""
M161,False,B,"""B""",,"0,2","""""",""""""
M162,False,B,"""B""",,"0,2","""""",""""""
M163,False,B,"""B""",,"0,2","""""",""""""
M164,False,B,"""B""",,"0,2","""""",""""""
M165,False,B,"""B""",,"0,2","""""",""""""
M166,False,B,"""B""",,"0,2","""""",""""""
M167,False,B,"""B""",,"0,2","""""",""""""
M168,False,B,"""B""",,"0,2","""""",""""""
M169,False,B,"""B""",,"0,2","""""",""""""
M170,False,B,"""B""",,"0,2","""""",""""""
M171,False,B,"""B""",,"0,2","""""",""""""
M172,False,B,"""B""",,"0,2","""""",""""""
M173,False,B,"""B""",,"0,2","""""",""""""
M174,False,B,"""B""",,"0,2","""""",""""""
M175,False,B,"""B""",,"0,2","""""",""""""
M176,False,B,"""B""",,"0,2","""""",""""""
M177,False,B,"""B""",,"0,2","""""",""""""
M178,False,B,"""B""",,"0,2","""""",""""""
M179,False,B,"""B""",,"0,2","""""",""""""
M180,False,B,"""B""",,"0,2","""""",""""""
M181,False,B,"""B""",,"0,2","""""",""""""
M182,False,B,"""B""",,"0,2","""""",""""""
M183,False,B,"""B""",,"0,2","""""",""""""
M184,False,B,"""B""",,"0,2","""""",""""""
M185,False,B,"""B""",,"0,2","""""",""""""
M186,False,B,"""B""",,"0,2","""""",""""""
M187,False,B,"""B""",,"0,2","""""",""""""
M188,False,B,"""B""",,"0,2","""""",""""""
M189,False,B,"""B""",,"0,2","""""",""""""
M190,False,B,"""B""",,"0,2","""""",""""""
M191,False,B,"""B""",,"0,2","""""",""""""
M192,False,B,"""B""",,"0,2","""""",""""""
M193,False,B,"""B""",,"0,2","""""",""""""
M194,False,B,"""B""",,"0,2","""""",""""""
M195,False,B,"""B""",,"0,2","""""",""""""
M196,False,B,"""B""",,"0,2","""""",""""""
M197,False,B,"""B""",,"0,2","""""",""""""
M198,False,B,"""B""",,"0,2","""""",""""""
M199,False,B,"""B""",,"0,2","""""",""""""
M200,False,B,"""B""",,"0,2","""""",""""""
M201,False,B,"""B""",,"0,2","""""",""""""
M202,False,B,"""B""",,"0,2","""""",""""""
M203,False,B,"""B""",,"0,2","""""",""""""
M204,False,B,"""B""",,"0,2","""""",""""""
M205,False,B,"""B""",,"0,2","""""",""""""
M206,False,B,"""B""",,"0,2","""""",""""""
M207,False,B,"""B""",,"0,2","""""",""""""
M208,False,B,"""B""",,"0,2","""""",""""""
M209,False,B,"""B""",,"0,2","""""",""""""
M210,False,B,"""B""",,"0,2","""""",""""""
M211,False,B,"""B""",,"0,2","""""",""""""
M212,False,B,"""B""",,"0,2","""""",""""""
M213,False,B,"""B""",,"0,2","""""",""""""
M214,False,B,"""B""",,"0,2","""""",""""""
M215,False,B,"""B""",,"0,2","""""",""""""
M500,False,B,"""B""",,"0,2","""""",""""""
M501,False,B,"""B""",,"0,2","""""",""""""
M502,False,B,"""B""",,"0,2","""""",""""""
M503,False,B,"""B""",,"0,2","""""",""""""
M504,False,B,"""B""",,"0,2","""""",""""""
M505,False,B,"""B""",,"0,2","""""",""""""
M506,False,B,"""B""",,"0,2","""""",""""""
M507,False,B,"""B""",,"0,2","""""",""""""
M508,False,B,"""B""",,"0,2","""""",""""""
M509,False,B,"""B""",,"0,2","""""",""""""
M510,False,B,"""B""",,"0,2","""""",""""""
M511,False,B,"""B""",,"0,2","""""",""""""
M512,False,B,"""B""",,"0,2","""""",""""""
M513,False,B,"""B""",,"0,2","""""",""""""
M514,False,B,"""B""",,"0,2","""""",""""""
M515,False,B,"""B""",,"0,2","""""",""""""
M516,False,B,"""B""",,"0,2","""""",""""""
M517,False,B,"""B""",,"0,2","""""",""""""
M518,False,B,"""B""",,"0,2","""""",""""""
M519,False,B,"""B""",,"0,2","""""",""""""
M520,False,B,"""B""",,"0,2","""""",""""""
M521,False,B,"""B""",,"0,2","""""",""""""
M522,False,B,"""B""",,"0,2","""""",""""""
M523,False,B,"""B""",,"0,2","""""",""""""
M524,False,B,"""B""",,"0,2","""""",""""""
M525,False,B,"""B""",,"0,2","""""",""""""
M526,False,B,"""B""",,"0,2","""""",""""""
M527,False,B,"""B""",,"0,2","""""",""""""
M528,False,B,"""B""",,"0,2","""""",""""""
M529,False,B,"""B""",,"0,2","""""",""""""
M530,False,B,"""B""",,"0,2","""""",""""""
M531,False,B,"""B""",,"0,2","""""",""""""
M532,False,B,"""B""",,"0,2","""""",""""""
M533,False,B,"""B""",,"0,2","""""",""""""
M534,False,B,"""B""",,"0,2","""""",""""""
M535,False,B,"""B""",,"0,2","""""",""""""
M536,False,B,"""B""",,"0,2","""""",""""""
M537,False,B,"""B""",,"0,2","""""",""""""
M538,False,B,"""B""",,"0,2","""""",""""""
M539,False,B,"""B""",,"0,2","""""",""""""
M540,False,B,"""B""",,"0,2","""""",""""""
M541,False,B,"""B""",,"0,2","""""",""""""
M542,False,B,"""B""",,"0,2","""""",""""""
M543,False,B,"""B""",,"0,2","""""",""""""
M544,False,B,"""B""",,"0,2","""""",""""""
M545,False,B,"""B""",,"0,2","""""",""""""
M546,False,B,"""B""",,"0,2","""""",""""""
M547,False,B,"""B""",,"0,2","""""",""""""
M548,False,B,"""B""",,"0,2","""""",""""""
M549,False,B,"""B""",,"0,2","""""",""""""
P003,False,,"""D""",,"2,2",Command Aura,"""Command Aura - [Level 1]"""
P009,False,B,"""B""",,"0,2","""""",""""""
P019,False,,R,,"2,2",Brilliance Aura,"""Brilliance Aura - [Level 1]"""
P022,False,B,"""B""",,"0,2","""""",""""""
P035,False,B,"""B""",,"0,2","""""",""""""
P047,False,B,"""B""",,"0,2","""""",""""""
P051,False,B,"""B""",,"0,2","""""",""""""
P067,False,W,"""W""",,"2,2","""Fury Swipes""","""Fury Swipes - [Level 1]"""
P083,False,B,"""B""",,"0,2","""""",""""""
P084,False,B,"""B""",,"0,2","""""",""""""
P098,False,B,"""B""",,"0,2","""""",""""""
P099,False,B,"""B""",,"0,2","""""",""""""
P102,False,B,"""B""",,"0,2","""""",""""""
P107,False,B,"""B""",,"0,2","""""",""""""
P119,False,B,"""B""",,"0,2","""""",""""""
P123,False,B,"""B""",,"0,2","""""",""""""
P131,False,B,"""B""",,"0,2","""""",""""""
P133,False,B,"""B""",,"0,2","""""",""""""
P135,False,B,"""B""",,"0,2","""""",""""""
P139,False,B,"""B""",,"0,2","""""",""""""
P143,False,B,"""B""",,"0,2","""""",""""""
P147,False,B,"""B""",,"0,2","""""",""""""
P155,False,B,"""B""",,"0,2","""""",""""""
P211,False,B,"""B""",,"0,2","""""",""""""
P231,False,B,"""B""",,"0,2","""""",""""""
P239,False,B,"""B""",,"0,2","""""",""""""
P240,False,B,"""B""",,"0,2","""""",""""""
P247,False,B,"""B""",,"2,2","""Hunter in the Night""","""Hunter in the Night - [Level 1]"""
P250,False,,V,,"1,2",Vampiric Aura,"""Vampiric Aura - [Level 1]"""
P251,False,,C,,"2,2",Critical Strike,"""Critical Strike - [Level 1]"""
P263,False,B,"""B""",,"0,2","""""",""""""
P275,False,B,"""B""",,"0,2","""""",""""""
P279,False,B,"""B""",,"0,2","""""",""""""
P283,False,B,"""B""",,"0,2","""""",""""""
P294,False,B,"""B""",,"0,2","""""",""""""
P302,False,B,"""B""",,"0,2","""""",""""""
P303,False,B,"""B""",,"0,2","""""",""""""
P307,False,B,"""B""",,"0,2","""""",""""""
P310,False,B,"""B""",,"0,2","""""",""""""
P319,False,B,"""B""",,"0,2","""""",""""""
P323,False,B,"""B""",,"0,2","""""",""""""
P327,False,B,"""B""",,"0,2","""""",""""""
P335,False,B,"""B""",,"0,2","""""",""""""
P338,False,B,"""B""",,"0,2","""""",""""""
P347,False,B,"""B""",,"0,2","""""",""""""
P355,False,B,"""B""",,"0,2","""""",""""""
P394,False,B,"""B""",,"0,2","""""",""""""
P418,False,B,"""B""",,"0,2","""""",""""""
P431,False,B,"""B""",,"0,2","""""",""""""
Q003,False,B,"""B""",,"0,2","""""",""""""
Q009,False,B,"""B""",,"0,2","""""",""""""
Q019,False,B,"""B""",,"0,2","""""",""""""
Q022,False,B,"""B""",,"0,2","""""",""""""
Q035,False,B,"""B""",,"0,2","""""",""""""
Q036,False,B,"""B""",,"0,2","""""",""""""
Q047,False,B,"""B""",,"0,2","""""",""""""
Q051,False,B,"""B""",,"0,2","""""",""""""
Q067,False,B,"""B""",,"0,2","""""",""""""
Q083,False,B,"""B""",,"0,2","""""",""""""
Q084,False,B,"""B""",,"0,2","""""",""""""
Q098,False,B,"""B""",,"0,2","""""",""""""
Q099,False,B,"""B""",,"0,2","""""",""""""
Q102,False,B,"""B""",,"0,2","""""",""""""
Q107,False,B,"""B""",,"0,2","""""",""""""
Q119,False,B,"""B""",,"0,2","""""",""""""
Q123,False,B,"""B""",,"0,2","""""",""""""
Q131,False,B,"""B""",,"0,2","""""",""""""
Q133,False,B,"""B""",,"0,2","""""",""""""
Q135,False,B,"""B""",,"0,2","""""",""""""
Q139,False,B,"""B""",,"0,2","""""",""""""
Q143,False,B,"""B""",,"0,2","""""",""""""
Q147,False,B,"""B""",,"0,2","""""",""""""
Q155,False,B,"""B""",,"0,2","""""",""""""
Q211,False,B,"""B""",,"0,2","""""",""""""
Q231,False,B,"""B""",,"0,2","""""",""""""
Q239,False,B,"""B""",,"0,2","""""",""""""
Q240,False,B,"""B""",,"0,2","""""",""""""
Q247,False,B,"""B""",,"0,2","""""",""""""
Q250,False,B,"""B""",,"0,2","""""",""""""
Q251,False,B,"""B""",,"0,2","""""",""""""
Q263,False,B,"""B""",,"0,2","""""",""""""
Q275,False,B,"""B""",,"0,2","""""",""""""
Q279,False,B,"""B""",,"0,2","""""",""""""
Q283,False,B,"""B""",,"0,2","""""",""""""
Q294,False,B,"""B""",,"0,2","""""",""""""
Q302,False,B,"""B""",,"0,2","""""",""""""
Q303,False,B,"""B""",,"0,2","""""",""""""
Q307,False,B,"""B""",,"0,2","""""",""""""
Q310,False,B,"""B""",,"0,2","""""",""""""
Q319,False,B,"""B""",,"0,2","""""",""""""
Q323,False,B,"""B""",,"0,2","""""",""""""
Q327,False,B,"""B""",,"0,2","""""",""""""
Q335,False,B,"""B""",,"0,2","""""",""""""
Q338,False,B,"""B""",,"0,2","""""",""""""
Q347,False,B,"""B""",,"0,2","""""",""""""
Q355,False,B,"""B""",,"0,2","""""",""""""
Q394,False,B,"""B""",,"0,2","""""",""""""
Q418,False,B,"""B""",,"0,2","""""",""""""
Q431,False,B,"""B""",,"0,2","""""",""""""
Aamk,True,,"""U""",,"1,1",Attribute Bonus,"""Attribute Bonus - [Level 1]"""
ANha,False,G,,E,"3,1",Harvest,Gather
AGbu,False,,,,"0,2",Build (Naga),
ANpa,False,R,,R,"0,2",Parasite,Parasite
BNpa,False,,,,,,
ANcl,False,C,,,"2,0",Channel,Channel
ANbr,False,R,R,,"2,2",Battle Roar,Battle Roar - [Level 1]
BNbr,False,,,,,,
Acdh,False,D,D,,"1,2",Drunken Haze,Drunken Haze - [Level 1]
AOls,False,,,,"3,2",,
A003,False,E,"""E""",,"3,2","""Time Stop""","""Stop Time - [Level 1]"""
A01Y,False,,R,,"3,2",Reincarnation,"""Reincarnation - [Level 1]"""
A02S,False,W,W,,"0,2",Shockwave,"""Shock Wave - [Level 1]"""
A022,False,R,"""R""",,"0,2","""Mana Break""","""Mana Break - [Level 1]"""
A02H,False,V,"""V""",,"0,2","""Void""","""Void - [Level 1]"""
A03F,False,F,F,,"0,2","""Breathe Fire""","""Breathe Fire - [Level 1]"""
A04U,True,T,T,,"2,2","""Chaos bolt 1""",Storm Bolt - [Level 1]
A03R,False,F,"""F""",,"3,2","""Freezing Field""","""Freezing Field - [Level 1]"""
A054,False,E,"""E""",,"3,2","""Eclipse""","""Eclipse - [Level 1]"""
A06Y,False,,"""Z""",,"2,2","""Anabolic Frenzy""","""Anabolic Frenzy - [Level 1]"""
A04H,True,,"""U""",,"1,1","""Attribute Bonus""",""""""
A07U,False,G,"""G""",,"3,2","""Song of the Siren""","""Song of the Siren - [Level 1]"""
A086,False,,"""G""",,"2,2","""Hunter in the Night""",Channel
A08E,False,,"""F""",,"1,2","""Crippling Fear""",Channel
A0AV,False,F,"""F""",,"3,2","""Freezing Field""","""Freezing Field - [Level 1]"""
A0BD,False,,"""B""",,"2,2","""Inner Beast""","""Inner Beast - [Level 1]"""
A01L,False,,"""G""",,"3,2","""Great Fortitude""","""Great Fortitude - [Level 1]"""
A0AI,False,C,R,,"1,1","""Battle Cry""","""Battle Cry"""
A0AJ,True,,"""U""",,"1,1","""Attribute Bonus""",Channel
A0BH,False,W,"""W""",W,"0,2","""Spawn Spiderlings""","""Spawn Spiderlings - [Level 1]"""
A0CO,True,W,"""W""",W,"0,2","""Spawn Spiderling""","""Spawn Spiderling"""
A04P,False,T,T,,"3,2","""Assassinate""","""Assassinate - [Level 1]"""
A065,False,R,"""R""",,"3,2","""Rearm""","""Rearm - [Level 1]"""
A067,False,R,"""R""",,"3,2","""Reaper's Scythe""","""Reaper's Scythe - [Level 1]"""
A06I,False,T,"""T""",,"0,2","""Meat Hook""","""Meat Hook - [Level 1]"""
A06O,False,E,"""E""",,"0,2","""Burrowstrike""","""Burrowstrike - [Level 1]"""
A06R,False,C,"""C""",,"3,2","""Epicenter""","""Epicenter - [Level 1]"""
A04W,False,F,"""F""",,"0,2","""Fireblast""","""Fireblast - [Level 1]"""
A085,False,T,"""T""",,"0,2","""Illuminate""","""Illuminate - [Level 1]"""
A089,False,F,"""F""",,"0,2","""Fireblast""","""Fireblast - [Level 1]"""
A08A,False,F,"""F""",,"0,2","""Fireblast""","""Fireblast - [Level 1]"""
A08D,False,F,"""F""",,"0,2","""Fireblast""","""Fireblast - [Level 1]"""
A07Z,False,R,"""R""",,"3,2","""Overgrowth""","""Overgrowth - [Level 1]"""
A03Z,False,V,"""V""",,"3,2","""Ravage""","""Ravage - [Level 1]"""
A08P,False,R,"""R""",,"3,2","""Reaper's Scythe""","""Reaper's Scythe - [Level 1]"""
A0AM,False,D,,,"0,2","""Detonate""","""Detonate"""
A0A3,False,D,,,"0,2","""Detonate""","""Detonate"""
A0A4,False,D,,,"0,2","""Detonate""","""Detonate"""
A00U,False,E,"""E""",,"3,2","""Eclipse""","""Eclipse - [Level 1]"""
A09F,False,B,"""B""",,"1,2","""Blink Strike""","""Blink Strike - [Level 1]"""
A0AR,True,T,T,,"1,2","""Dragon Tail""","""Dragon Tail - [Level 1]"""
A0D2,False,R,"""R""",,"1,2","""Roulette""","""Roulette - [Level 1]"""
A0DA,False,T,T,,"0,2","""Spirit Lance""","""Spirit Lance - [Level 1]"""
A07B,False,Z,"""Z""",,"0,2","""Shadowraze""","""Shadowraze (Z) - [Level 1]"""
A0DP,False,X,"""Z""",,"1,2","""Shadowraze""","""Shadowraze (X) - [Level 1]"""
A0DQ,False,C,"""Z""",,"2,2","""Shadowraze""","""Shadowraze (C) - [Level 1]"""
A0BV,False,T,T,,"2,2","""Craggy damage""",Storm Bolt - [Level 1]
A0BZ,False,T,"""T""",,"1,2","""Toss""","""Toss - [Level 1]"""
A0E8,False,E,"""E""",,"0,2","""Bleed""","""Bleed - [Level 1]"""
A0D5,False,V,"""V""",,"3,2","""Divine Intervention""","""Divine Intervention - [Level 1]"""
A0AW,False,Z,"""Z""",,"3,2","""Gaze""","""Gaze - [Level 1]"""
A0B1,False,D,"""D""",,"2,2","""Midnight Pulse""","""Midnight Pulse - [Level 1]"""
A0CT,True,T,"""T""",,"3,2","""Time Lapse""","""Time Lapse - [Level 1]"""
A0AS,False,W,"""W""",,"1,2","""Shadow Word""","""Shadow Word - [Level 1]"""
A01A,True,T,T,,"2,2","""Malefice stun""",Storm Bolt - [Level 1]
A05X,False,C,"""C""",C,"1,2","""Ostracize""","""Ostracize - [Level 1]"""
A03V,False,R,"""R""",,"3,2","""Power Word""","""Power Word - [Level 1]"""
A08M,False,R,"""R""",,"1,2","""Tornado Barrier""","""Tornado Barrier - [Level 1]"""
A0AT,False,,,,"2,0","""Unstuck""","""Unstuck"""
A0BQ,False,C,"""C""",,"2,2","""March of the Machines""","""March of the Machines - [Level 1]"""
A0ER,False,G,"""G""",,"3,2","""Guardian Angel""","""Guardian Angel - [Level 1]"""
A0F0,False,C,R,,"2,2","""Shadowraze""","""Shadowraze (C) - [Level 1]"""
A0F1,False,B,"""B""",,"0,2","""Burrowstrike""","""Burrowstrike - [Level 1]"""
A0F3,False,C,"""C""",,"3,2","""Epicenter""","""Epicenter - [Level 1]"""
A0F4,False,D,"""D""",,"3,2","""Adapt""","""Adapt - [Level 1]"""
A0FB,False,E,"""E""",,"2,2","""Unstable Intellect""","""Unstable Intellect - [Level 1]"""
A0FI,False,C,,,"2,0","""Recreate""","""Recreate"""
A0FS,False,E,"""E""",,"3,2","""Time Stop caster""","""Stop Time - [Level 1]"""
A0FW,False,G,"""G""",,"0,2","""Viscous Nasal Goo""","""Viscous Nasal Goo - [Level 1]"""
A0G4,True,E,"""E""",,"3,2","""Nether Strike""","""Nether Strike - [Level 1]"""
A0GS,False,T,T,,"2,2","""Charge of Darkness Stun""",Storm Bolt - [Level 1]
A0GW,True,R,"""R""",,"0,2","""Necronomicon Mana Break lvl 1""","""Necronomicon Mana Break"""
A0H0,False,R,"""R""",,"1,2","""Sand Storm""","""Sand Storm - [Level 1]"""
A0IT,False,W,"""W""",,"0,2","""Time Walk""","""Time Walk - [Level 1]"""
A0IW,True,T,T,,"2,2","""Time Walk Effect 3""",Storm Bolt - [Level 1]
A0K9,False,B,"""B""",,"1,2","""Blink Strike""","""Blink Strike - [Level 1]"""
A0KE,False,W,"""W""",,"0,2","""Time Walk""","""Time Walk - [Level 1]"""
A0KL,False,C,,,"2,0",Channel,Channel
A0L3,False,E,"""E""",,"3,2","""Global Silence""","""Global Silence - [Level 1]"""
A0LB,False,V,"""V""",,"0,2","""Avalanche""","""Avalanche - [Level 1]"""
A0LF,False,T,"""T""",,"2,2","""Strygwyr's Thirst""","""Strygwyr's Thirst - [Level 1]"""
A0LH,True,R,"""R""",,"3,2","""Rupture""","""Rupture - [Level 1]"""
A0LM,False,C,,,"2,0","""Dummy Model Loader""",Channel
A0LT,False,D,"""D""",,"3,2","""Hand of God""","""Hand of God - [Level 1]"""
A0LV,False,T,"""T""",,"1,2","""Test of Faith""","""Test of Faith - [Level 1]"""
A0M2,True,R,"""R""",,"0,2","""Necronomicon Mana Break lvl 2""","""Necronomicon Mana Break"""
A0M4,True,R,"""R""",,"0,2","""Necronomicon Mana Break lvl 3""","""Necronomicon Mana Break"""
A0MQ,False,R,"""R""",,"3,2","""Primal Split""","""Primal Split - [Level 1]"""
A0MS,False,W,W,,"2,2","""Plague Ward""","""Plague Ward - [Level 1]"""
A0MX,False,,B,,"2,2",Drunken Brawler,Drunken Brawler - [Level 1]
A0NR,True,,"""U""",,"1,1",Attribute Bonus,"""Attribute Bonus - [Level 1]"""
A0OO,False,D,"""D""",,"1,2","""Call of the Wild""","""Call of the Wild - [Level 1]"""
A0H4,False,E,"""E""",,"0,2","""Conjure Image""","""Conjure Image - [Level 1]"""
A0GC,False,R,,,"3,2","""Morph Replicate""","""Morph Replicate"""
A0GD,False,F,"""D""",,"1,1","""Flying Courier Morph""","""Flying Courier Morph"""
A0H6,True,E,"""E""",,"3,2","""Bottle Empty""","""Nether Strike - [Level 1]"""
A0H7,True,E,"""E""",,"3,2","""Bottle Rune""","""Nether Strike - [Level 1]"""
A0H9,True,T,"""T""",,"3,2","""Haunt""","""Haunt - [Level 1]"""
A0HA,True,R,,,"2,1","""Reality""","""Reality"""
A0HW,False,D,"""D""",,"0,2","""Spectral Dagger""","""Spectral Dagger - [Level 1]"""
A0I3,False,D,"""D""",,"0,2","""Death Coil""","""Death Coil - [Level 1]"""
A0I9,False,C,,,"2,0","""BreakPers""",Channel
A0J5,False,F,"""F""",,"0,2","""Fatal Bonds""","""Fatal Bonds - [Level 1]"""
A0J6,False,E,"""E""",,"1,2","""Unstable Concoction""","""Unstable Concoction - [Level 1]"""
A0JL,True,W,"""W""",,"1,2","""Static Charge""","""Shadow Word - [Level 1]"""
A0JS,True,E,"""E""",,"3,2","""Arcane Ring""","""Nether Strike - [Level 1]"""
A0JX,True,E,"""E""",,"3,2","""Bottle Rune of Recall""","""Nether Strike - [Level 1]"""
A0K3,False,,"""F""",,"2,2","""Fervor""","""Fervor - [Level 1]"""
A0K5,False,B,,,"2,2","""Disassemble""","""Disassemble"""
A0KU,False,W,"""W""",,"3,2","""Moonlight Shadow""","""Moonlight Shadow - [Level 1]"""
A0KV,False,T,"""T""",,"0,2","""Starfall""","""Starfall - [Level 1]"""
A0L0,False,,"""Z""",,"2,2","""Zeal""","""Zeal - [Level 1]"""
A0L8,False,R,"""R""",,"1,2","""Elune's Arrow""","""Elune's Arrow - [Level 1]"""
A0N8,False,F,"""F""",,"1,2","""Poof""","""Poof - [Level 1]"""
A0NV,True,W,"""W""",,"3,2","""Weave""","""Weave - [Level 1]"""
A0OR,False,D,"""D""",,"2,2","""Shadow Wave""","""Shadow Wave - [Level 1]"""
A0OS,True,G,"""G""",,"3,2","""Shallow Grave""","""Shallow Grave - [Level 1]"""
A0PL,False,B,"""B""",,"1,2","""Phantom Strike""","""Phantom Strike [B] - [Level 1]"""
A0PY,False,C,,,"2,0","""BasSwap""",Channel
A0QG,False,E,"""E""",,"1,2","""Ion Shell""","""Ion Shell - Level 1"""
A0QK,True,W,"""W""",,"3,2","""Wall of Replica""","""Wall of Replica - Level 1"""
A0QM,True,,"""T""",,"1,1",Attribute Bonus,"""Attribute Bonus - [Level 1]"""
A0QP,False,V,"""V""",,"0,2","""Inner Vitality""","""Inner Vitality - Level 1"""
A0QR,True,F,"""F""",,"3,2","""Life Break""","""Life Break - Level 1"""
A0R0,False,D,"""D""",,"3,2","""Dark Rift""","""Dark Rift - Level 1"""
A0R3,True,G,"""G""",,"3,2","""Plague""","""Plague - Level 1"""
A0R5,False,R,"""R""",,"1,2","""Soul Rip""","""Soul Rip - [Level 1]"""
A0RE,False,R,"""R""",,"0,2","""Refraction""","""Refraction - [Level 1]"""
A0RP,True,C,"""C""",,"3,2","""Psionic Trap""","""Psionic Trap - Level 1"""
A0RQ,False,T,,,"0,2","""Psionic Trap""","""Trap"""
A0RW,False,E,"""E""",,"1,2","""Reality Rift""","""Reality Rift - [Level 1]"""
A0S1,False,R,"""R""",,"1,2","""Battle Hunger""","""Battle Hunger - [Level 1]"""
A0HU,True,Z,"""T""",,"3,1","""Leaver Freeze""","""Freeze Hero"""
A0HX,True,U,"""T""",,"3,2","""Leaver Unfreeze""","""Unfreeze Hero"""
A0I6,False,E,"""E""",,"0,2","""Berserker's Call""","""Berserker's Call - [Level 1]"""
A0I7,False,F,"""F""",,"0,2","""Malefice""","""Malefice - [Level 1]"""
A0S9,False,R,"""R""",,"0,2","""Illusory Orb""","""Illusory Orb - [Level 1]"""
A0SA,True,E,,,"2,1","""Ethereal Jaunt""","""Ethereal Jaunt"""
A0SC,False,W,"""W""",,"1,2","""Waning Rift""","""Waning Rift - [Level 1]"""
A0OT,False,G,"""D""",,"0,1","""Change Courier Type""","""Change Courier Type"""
A0SK,False,F,"""F""",,"0,2","""Fissure""","""Fissure - [Level 1]"""
A0SM,False,C,,,"2,0","""BIGHAND1""",Channel
A0SN,False,C,,,"2,0","""BIGHAND2""",Channel
A0SP,False,C,,,"2,0","""ICEARMOR""",Channel
A0SV,False,R,"""R""",,"0,2","""Rage""","""Rage - [Level 1]"""
A0SW,True,T,"""T""",,"3,2","""Infest""","""Infest - [Level 1]"""
A0SX,True,T,"""T""",,"3,2","""Consume""","""Consume (T)"""
A0TD,False,C,,,"2,0","""TreadsSwap""",Channel
A0TM,False,C,,,"2,0","""BreakScepter""",Channel
A0V9,True,E,"""E""",E,"2,2","""Exort""","""Exort - [Level 1]"""
A0VA,True,W,"""W""",W,"1,2","""Wex""","""Wex - [Level 1]"""
A0VB,True,Q,"""Q""",Q,"0,2","""Quas""","""Quas - [Level 1]"""
A0VC,False,,"""M""",,"3,2","""Marksmanship""","""Marksmanship  - [Level 1]"""
A0VF,True,R,"""R""",R,"3,2","""Invoke""","""Invoke [R] - [Level 1]"""
A0VK,True,X,,,"1,1","""Tornado""","""Tornado [WWQ] - [X]"""
A0VM,True,B,,,"1,1","""Defeaning Blast""","""Deafening Blast [QWE] - [B]"""
A0VN,True,D,,,"1,1","""Chaos Meteor""","""Chaos Meteor [EEW] - [D]"""
A0VO,True,F,,,"1,1","""Forge Spirit""","""Forge Spirit [EEQ] - [F]"""
A0VP,True,G,,,"1,1","""Ice Wall""","""Ice Wall [QQE] - [G]"""
A0VQ,True,Z,,,"1,1","""Alacrity""","""Alacrity [WWE] - [Z]"""
A0VS,True,C,,,"1,1","""EMP""","""EMP [WWW] - [C]"""
A0VZ,True,Y,,,"1,1","""Cold Snap""","""Cold Snap [QQQ] - [Y]"""
A0WP,False,R,"""R""",,"3,2","""God's Strength""","""God's Strength - [Level 1]"""
A0WQ,False,T,"""T""",,"3,2","""Insatiable Hunger""","""Insatiable Hunger - [Level 1]"""
A0X5,False,E,"""E""",,"0,2","""Impale""","""Impale - [Level 1]"""
A0X7,False,E,"""E""",,"0,2","""Impale""","""Impale - [Level 1]"""
A0XF,True,,"""F""",,"2,2","""Rampage caster lvl 1""",""""""
A0XG,True,,"""F""",,"2,2","""Rampage caster lvl 2""",""""""
A0XH,True,,"""F""",,"2,2","""Rampage caster lvl 3""",""""""
A0XI,False,R,"""R""",,"3,2","""Rampage""","""Rampage - [Level 1]"""
A0VR,False,U,,,"1,2","""Mana Upgrade""","""Mana Upgrade"""
A0Y9,True,F,,,"2,1","""Alacrity""","""Alacrity [WWW] - [F]"""
A0YA,True,F,,,"2,1","""Cold Snap""","""Cold Snap [QQQ] - [F]"""
A0YB,True,F,,,"2,1","""Tornado""","""Tornado [WWQ] - [F]"""
A0YC,True,F,,,"2,1","""EMP""","""EMP [WWE] - [F]"""
A0YE,True,F,,,"2,1","""Defeaning Blast""","""Defeaning Blast [QWE] - [F]"""
A0YF,True,F,,,"2,1","""Chaos Meteor""","""Chaos Meteor [EEW] - [F]"""
A0YG,True,F,,,"2,1","""Forge Spirit""","""Forge Spirit [EEQ] - [F]"""
A0YH,True,F,,,"2,1","""Ice Wall""","""Ice Wall [QQE] - [F]"""
A0YM,False,D,"""D""",,"0,2","""Stifling Dagger""","""Stifling Dagger - [Level 1]"""
A0YY,False,T,"""T""",,"2,2","""Inner Frost""","""Inner Frost - [Level 1]"""
A0Z0,False,W,"""W""",,"3,2","""Winter's Call""","""Winter's Call - [Level 1]"""
A0Z4,False,E,"""E""",,"0,2","""Battery Assault""","""Battery Assault - [Level 1]"""
A0Z5,False,C,"""C""",,"1,2","""Power Cog""","""Power Cog - [Level 1]"""
A0Z8,True,T,"""T""",,"3,2","""Hookshot""","""Hookshot - [Level 1]"""
A0ZB,True,E,"""D""",,"0,0","""Select Hero""","""Select Hero"""
A0ZF,False,W,"""W""",,"1,2","""Howl""","""Howl - [Level 1]"""
A10D,False,T,"""T""",,"0,2","""Spirit Lance""","""Spirit Lance - [Level 1]"""
A10L,False,G,"""G""",,"1,2","""Shallow Grave""","""Shallow Grave - [Level 1]"""
A10R,False,E,"""E""",,"0,2","""Devour""","""Devour - [Level 1]"""
A10U,True,R,"""T""",,"0,1","""Recall""","""Recall - [Level 1]"""
A10V,True,B,"""D""",,"1,1","""Blinding Light""","""Blinding Light"""
A10X,False,E,"""E""",,"1,2","""Mana Leak""","""Mana Leak - [Level 1]"""
A112,False,C,"""C""",,"2,2","""Chakra Magic""","""Chakra Magic - [Level 1]"""
A113,True,B,"""D""",,"1,1","""Blinding Light""","""Blinding Light"""
A114,True,B,"""D""",,"1,1","""Blinding Light""","""Blinding Light"""
A11K,True,T,"""T""",,"3,2","""Ghost Ship""","""Ghost Ship - [Level 1]"""
A11M,False,D,"""D""",,"0,2","""Tide Bringer""","""Tide Bringer - [Level 1]"""
A11N,False,X,"""X""",,"2,2","""X Marks The Spot""","""X Marks The Spot - [Level 1]"""
A11Y,True,R,"""T""",,"0,1","""Recall""","""Recall - [Level 1]"""
A11Z,True,R,"""T""",,"0,1","""Recall""","""Recall - [Level 1]"""
A120,False,T,"""T""",,"0,2","""Illuminate""","""!! Illuminate - [Level 1]"""
A121,False,T,,,"0,2","""Illuminate End""","""Discharge Illuminate"""
A122,True,C,"""C""",,"3,2","""Captain CoCo's Rum""","""Captain CoCo's Rum - [Level 1]"""
A12A,False,F,"""F""",,"1,2","""Fear of the Dark""","""Captain CoCo's Rum - [Level 1]"""
A12I,True,T,T,,"2,2","""Shackleshot Stun""",""""""
A12N,False,W,"""W""",,"2,2","""Windrunner""","""Windrunner - [Level 1]"""
A12K,False,R,"""R""",,"1,2","""Powershot""","""Powershot - [Level 1]"""
A12P,True,F,"""F""",,"3,2","""Focus Fire""","""Focus Fire - [Level 1]"""
A137,False,C,,,"2,0","""Scroll of Town Portal""",Channel
A138,False,D,"""D""",,"1,2","""Drop Items""","""Drop Items"""
A13D,True,X,"""R""",,"2,2","""X Marks The Spot""","""X Marks The Spot Return"""
A13E,False,C,,,"2,0","""Magic Stick""",Channel
A13U,False,E,"""E""",,"0,2","""Torrent""","""Torrent - [Level 1]"""
A13Z,False,V,,,"3,2","""Invisibility""","""Invisibility"""
A141,False,F,,,"3,0","""Glyph of Fortification Sentinel""","""Activate Glyph of Fortification"""
A14C,False,D,"""D""",,"1,2","""Drop Items""","""Drop Items"""
A14D,False,A,"""D""",,"0,2","""Pickup Items""","""Pickup All Items"""
A14U,False,D,"""D""",,"0,2","""Decay""","""Decay - Level 1 (BRAIN NOM NOM)"""
A15H,False,E,"""E""",,"1,2","""Death Stench""","""Death Stench - Level 1"""
A15V,False,T,"""T""",,"2,2","""Tombstone""","""Tombstone - [Level 1]"""
A15X,True,W,"""W""",,"2,1","""Wake""","""Wake"""
A170,False,F,,,"3,0","""Play Sound""","""Activate Glyph of Fortification"""
A173,False,E,"""E""",,"0,2","""Venomous Gale""","""Venomous Gale - [Level 1]"""
A17M,False,C,,,"2,0","""Version Check""",Channel
A17O,False,E,"""E""",,"1,2","""Wave of Terror""","""Wave of Terror - [Level 1]"""
A17P,False,T,"""T""",,"0,2","""Sprout""","""Sprout - [Level 1]"""
A17U,False,F,"""F""",,"0,2","""Fireblast Multi""","""Fireblast - [Level 1]"""
A180,False,C,"""C""",,"1,2","""Demonic Conversion""","""Demonic Conversion - [Level 1]"""
A188,True,C,"""C""",,"1,2","""Axe of the Chieftain""",""""""
A190,False,T,"""T""",,"0,2","""Storm Bolt""","""Storm Bolt - [Level 1]"""
A19M,False,C,,,"2,0","""Force Staff""",""""""
A19T,False,F,"""F""",,"1,2","""Fire Trail""","""Fire Trail - [Level 1]"""
A19V,False,R,"""R""",,"1,2","""Flamebreak""","""Flamebreak - [Level 1]"""
A19W,False,C,"""C""",,"1,2","""Incinerate""","""Incinerate - [Level 1]"""
A19X,True,V,"""V""",,"1,1","""Single Ignite""","""Single Ignite [Hotkey: V]"""
A19Y,True,G,"""G""",,"2,1","""Mass Ignite""","""Mass Ignite [Hotkey: G]"""
A1A1,True,E,"""E""",,"3,2","""Earth Splitter""","""Earth Splitter - [Level 1]"""
A1A5,False,W,"""W""",,"2,2","""Warcry""","""Warcry - [Level 1]"""
A1A8,False,C,"""C""",,"1,2","""Ancestral Spirit""","""Ancestral Spirit - [Level 1]"""
A1AA,False,T,"""T""",,"0,2","""Echo Stomp""","""Echo Stomp - [Level 1]"""
A1AJ,False,G,"""G""",,"1,2","""Lightning Sentry""","""Lightning Sentry - [Level 1]"""
A1AN,False,R,"""R""",,"2,2","""Reverberate""","""Reverberate - [Level 1]"""
A1AO,True,E,"""E""",,"3,2","""Eye of the Storm""","""Eye of the Storm - [Level 1]"""
A1AS,False,E,"""D""",,"0,2","""Return Home""","""Return Home"""
A1AT,True,G,"""G""",,"3,2","""Stone Gaze""","""Stone Gaze - [Level 1]"""
A1AU,False,T,T,,"3,2","""Assassinate upgrade""","""Assassinate - [Level 1]"""
A1AZ,False,,R,,"3,2","""Reincarnation upgrade""","""Reincarnation - [Level 1]"""
A1B3,True,F,"""F""",,"3,2","""Life Break upgrade""","""Life Break - Level 1"""
A1B4,False,C,"""C""",,"3,2","""Epicenter upgrade""","""Epicenter - [Level 1]"""
A1B5,True,R,"""R""",R,"3,2","""Invoke upgrade""","""Invoke [R] - [Level 1]"""
A1B6,False,R,"""R""",,"3,2","""Primal Split upgrade""","""Primal Split - [Level 1]"""
A1BX,True,B,"""B""",,"3,2","""Black Hole""","""Black Hole - [Level 1]"""
A1CS,False,D,"""D""",,"3,2","""Hand of God upgraded""","""Hand of God - [Level 1]"""
A1CV,True,T,"""T""",,"3,2","""Hookshot Upgrade""","""Hookshot - [Level 1]"""
A1D6,True,F,"""F""",,"3,2","""Focus Fire Upgraded""","""Focus Fire - [Level 1]"""
A1D8,True,E,"""E""",,"3,2","""Nether Strike Upgrade""","""Nether Strike - [Level 1]"""
A1DP,False,C,"""C""",,"1,2","""Static Link""","""Static Link - [Level 1]"""
A1EC,False,C,R,,"1,1","""Battle Cry""","""Battle Cry"""
A1ED,False,C,R,,"1,1","""Battle Cry""","""Battle Cry"""
A1EU,False,C,,,"1,2","""Ancestral Switch""","""Ancestral Switch"""
A1EX,True,F,"""F""",,"3,2","""Flaming Lasso""","""Flaming Lasso - [Level 1]"""
A1FO,False,C,,,"2,0","""MKBSwap""",Channel
A1FP,False,C,,,"2,0","""Satanic this""",Channel
A1FZ,False,D,,,"0,2","""Detonate""","""Detonate"""
A1G7,False,E,"""E""",,"1,2","""Forest Sentinel""","""Forest Sentinel - [Level 1]"""
A1H5,False,R,"""R""",,"1,2","""Mana Burn""","""Mana Burn - [Level 1]"""
A1HM,False,C,"""C""",,"0,2","""Ice Cube Launcher""","""Ice Cube Launcher - [Level 1]"""
A1HO,False,C,"""C""",,"0,2","""Dark Pact""","""Dark Pact - [Level 1]"""
A1HQ,False,G,"""G""",,"2,2","""Chilling Touch""","""Chilling Touch - [Level 1]"""
A1IO,False,C,,,"2,0","""RadSwap""",Channel
A1IZ,False,T,"""T""",,"1,2","""Chaotic Strength""","""Chaotic Strength - [Level 1]"""
A1J7,False,E,"""E""",,"1,2","""Pounce""","""Pounce - [Level 1]"""
A1LC,True,T,"""T""",,"3,2","""Gust""","""Gust - [Level 1]"""
A1ME,True,G,"""G""",,"3,2","""Gust""","""Gust - [Level 1]"""
A1MG,False,C,"""C""",,"0,2","""Cold Feet""","""Cold Feet - [Level 1]"""
A1MI,True,T,"""T""",,"3,2","""Ice Blast""","""Ice Blast - [Level 1]"""
A1MO,True,W,"""W""",,"1,2","""Staff of Healing (real)""","""Shadow Word - [Level 1]"""
A1N1,True,R,"""T""",,"0,1","""Recall""","""Recall - [Level 1]"""
A1NA,True,C,"""C""",,"1,2","""Soul Assumption""","""Soul Assumption [C] - [Level 1]"""
A1NH,False,E,"""E""",,"1,2","""Unstable Concoction""","""Unstable Concoction - [Level 1]"""
A1P8,False,C,"""C""",,"0,2","""Charge of Darkness""","""Charge of Darkness- [Level 1]"""
A1P9,False,V,"""V""",,"1,2","""Overpower""","""Overpower - [Level 1]"""
A1PH,False,E,"""E""",,"0,2","""Soul Steal""","""Soul Steal - [Level 1]"""
A1Q4,False,D,"""D""",,"2,2","""Skewer""","""Skewer [D] - [Level 1]"""
A1QD,True,W,"""W""",,"1,2","""Ether Blast""","""Shadow Word - [Level 1]"""
A1QV,True,W,,,"1,1","""Sentinel""","""Transform Sentinel [W]"""
A1QW,False,R,"""R""",,"0,2","""The Swarm""","""The Swarm - [Level 1]"""
A1RA,False,E,,,"0,2","""Soulsteal End""","""End Soulsteal"""
A1RF,False,B,,,"2,2","""Disassemble""","""Disassemble"""
A1RJ,False,D,"""D""",,"0,2","""Icarus Dive""","""Icarus Dive - [Level 1]"""
A1RK,True,V,"""V""",,"3,2","""Supernova""","""Supernova - [Level 1]"""
A1RU,False,E,"""E""",,"2,2","""Phoenix Down""","""Phoenix Down - [Level 1]"""
A1S4,False,W,"""W""",,"2,2","""Shadow Poison""","""Shadow Poison - [Level 1]"""
A1S7,False,W,"""W""",,"1,2","""Snowball""","""Snowball - [Level 1]"""
A1S9,True,E,,,"2,1","""Release Poison""","""Release Poison"""
A1SF,False,R,"""R""",,"1,2","""Arctic Smash""","""Arctic Smash - [Level 1]"""
A1SH,True,T,T,,"2,2","""Cold Shoulder Stun""",Storm Bolt - [Level 1]
A1SO,False,R,"""R""",,"0,2","""Rocket Barrage""","""Rocket Barrage - [Level 1]"""
A1SR,True,C,"""C""",,"3,2","""Call Down""","""Call Down - [Level 1]"""
A1T7,False,C,,,"2,0","""Eul Cyclone""",""""""
A1T9,False,V,"""V""",,"2,2","""Overcharge""","""Overcharge - [Level 1]"""
A1TB,True,R,"""R""",,"3,2","""Relocate""","""Relocate - [Level 1]"""
A1TU,True,T,,,"0,2","""End Tether""","""End Tether"""
A1TV,False,C,"""C""",,"0,2","""Thunder Strike""","""Thunder Strike [C] - [Level 1]"""
A1U2,True,E,,,"1,1","""Oscillate Out""","""Push Out [E]"""
A1U3,True,D,,,"2,1","""Oscillate In""","""Pull In [D]"""
A1U6,True,R,"""R""",,"3,2","""Static Storm""","""Static Storm - [Level 1]"""
A1UG,False,R,"""R""",,"1,2","""Walrus Punch""","""Walrus Punch - [Level 1]"""
A1UQ,True,T,T,,"2,2","""Cold Shoulder Stun Buildings""",Storm Bolt - [Level 1]
A1UV,True,E,"""E""",,"3,2","""Eye of the Storm""","""Eye of the Storm - [Level 1]"""
A1VU,True,C,,,"0,2","""End Charge""","""End Charge"""
A1W8,True,W,"""W""",,"3,2","""Wrath of Nature""","""Wrath of Nature - [Level 1]"""
A1W9,True,W,"""W""",,"3,2","""Wrath of Nature upgrade""","""Wrath of Nature - [Level 1]"""
A1WF,True,F,"""W""",,"1,1","""Focused Detonate""","""Focused Detonate - [Level 1]"""
A1WI,False,F,,,"3,0","""Glyph of Fortification Scourge""","""Activate Glyph of Fortification"""
A1YO,False,E,"""E""",,"0,2","""Ice Shards""","""Ice Shards - [Level 1]"""
A1YW,True,D,,,"2,1","""End Chain""","""End Chain"""
A1YY,False,R,"""R""",,"2,2","""Sun Ray""","""Sun Ray - [Level 1]"""
A1YX,False,F,"""F""",,"1,2","""Fire Spirits""","""Fire Spirits - [Level 1]"""
A1Z2,True,F,,,"1,2","""Target Fire Spirits""","""Target Fire Spirits"""
A1Z3,False,R,"""R""",,"2,2","""Sun Ray""","""Sun Ray - [Level 1]"""
A1ZI,True,W,"""W""",,"1,2","""Medallion of Courage""","""Shadow Word - [Level 1]"""
A202,True,R,"""R""",,"3,2","""Walrus Punch""","""Walrus Punch - [Level 1]"""
A20N,True,D,"""R""",,"0,2","""Icarus Dive""","""Icarus Dive - [Level 1]"""
A21J,True,C,"""R""",,"1,2","""Ancestral Spirit""","""End Ancestral Spirit"""
A21L,False,,"""E""",,"1,2","""Whirling Axes""",""""""
A21M,False,E,"""E""",,"1,2","""Whirling Axes""","""Whirling Axes - [Level 1]"""
A21N,False,E,"""E""",,"1,2","""Whirling Axes""","""Whirling Axes - [Level 1]"""
A21Q,True,W,"""W""",,"3,2","""Wall of Replica""","""Wall of Replica - Level 1"""
A21V,True,E,"""E""",E,"2,2","""Exort""","""Exort - [Level 1]"""
A225,False,C,"""C""",,"2,2","""Anchor Smash""","""Anchor Smash - [Level 1]"""
A24B,True,E,"""E""",E,"1,1","""Oscillate Out""","""Push Out [E]"""
A24C,True,V,"""V""",V,"1,2","""Overpower""","""Overpower - [Level 1]"""
A24D,False,E,"""E""",,"1,2","""Ensnare""","""Ensnare - [Level 1]"""
A24E,True,G,"""G""",,"3,2","""Song of the Siren""","""Song of the Siren End"""
A24I,False,F,"""F""",,"0,2","""Soul Frenzy""","""Soul Frenzy - [Level 1]"""
A24Q,False,C,"""C""",,"1,2","""Demonic Clutch""","""Demonic Clutch - [Level 1]"""
A261,False,R,"""R""",,"2,2","""Corpse Collector""","""Corpse Collector - [Level 1]"""
A26N,False,E,"""E""",,"1,2","""Leech Seed""","""Leech Seed - [Level 1]"""
A271,False,F,"""F""",,"2,2","""Sweeping Flame""","""Sweeping Flame - [Level 1]"""
A275,False,,"""Z""",,"1,2","""Zeal""","""Zeal - [Level 1]"""
A27F,False,Z,"""Z""",,"0,2","""Telekinesis""","""Telekinesis [Z] - [Level 1]"""
A27G,False,X,"""X""",,"1,2","""Fade Bolt""","""Fade Bolt [X] - [Level 1]"""
A27H,True,Q,"""Q""",,"3,2","""Spell Steal""","""Spell Steal [Q] - [Level 1]"""
A27X,True,Z,"""Z""",,"0,2","""Telekinesis Land""","""Telekinesis Land [Z]"""
A28T,False,R,"""R""",,"2,2","""Holy Persuasion""","""Holy Persuasion - [Level 1]"""
A29M,False,,R,,"3,2",Reincarnation,""""""
A29Q,False,E,"""E""",,"1,2","""Leap Smash""","""Leap Smash - [Level 1]"""
A29W,True,R,R,R,"2,2","""Retaliation""","""Retaliation - [Level 1]"""
A2A8,False,R,"""R""",,"1,2","""Arcane Seal""","""Arcane Seal - [Level 1]"""
A2A9,False,T,"""T""",,"2,2","""Thrust""","""Thrust - [Level 1]"""
A2AA,False,D,"""D""",,"3,2","""Divine Wrath""","""Divine Wrath - [Level 1]"""
A2AB,True,D,,,"1,2","""Target Divine Wrath""","""Target Divine Wrath"""
A2AI,False,,"""T""",,"1,2","""Dragon Tail""",""""""
A2B4,False,C,"""C""",,"1,2","""Blackjack""","""Blackjack - [Level 1]"""
A2B5,False,F,"""F""",,"2,2","""Miasma""","""Miasma [F] - [Level 1]"""
A2C1,True,,,,"1,1","""Target Brotherhood""","""Target Brotherhood."""
A2CI,True,D,"""D""",,"3,2","""Duel""","""Duel - [Level 1]"""
A2BG,True,E,"""E""",,"3,2","""Mystic Flare""","""Mystic Flare - [Level 1]"""
A2E0,True,C,"""C""",,"3,2","""Haunting Echos""","""Haunting Echos - [Level 1]"""
A2E3,False,T,"""T""",,"1,2","""Timber Chain""","""Timber Chain - [Level 1]"""
A2E5,True,C,"""C""",,"3,2","""Chakram""","""Chakram - [Level 1]"""
A2E6,False,C,,,"3,2","""Chakram End""","""Return Chakram"""
A2EA,True,W,"""W""",,"1,2","""Crippling Staff""","""Shadow Word - [Level 1]"""
A2EE,False,D,"""D""",,"1,2","""Wind Blast""","""Wind Blast - [Level 1]"""
A2EN,False,R,"""R""",,"0,2","""Breeze""","""Breeze - [Level 1]"""
A2F4,False,B,"""B""",,"0,2","""Sonic Boom""","""Sonic Boom - [Level 1]"""
A2FL,True,D,"""D""",,"3,2","""Divine Intervention""","""Divine Intervention - Level 1"""
A2G3,False,,"""""",,"2,2","""No Range Coward Plz""","""No Range Coward Plz - [Level 1]"""
A2HD,False,E,"""E""",,"1,2","""Bomb Bomb""","""Bomb Bomb [E] - [Level 1]"""
A2HO,True,D,D,,"1,2","""Crippling Staff""",""""""
A2HQ,True,W,"""W""",,"1,2","""Blade of the Reaper""","""Shadow Word - [Level 1]"""
A2HS,False,E,"""E""",,"2,2","""Flame Guard""","""Flame Guard - Level 1"""
A2IQ,False,T,"""T""",,"1,2","""Deflection""","""Deflection - [Level 1]"""
A2J2,False,T,"""T""",,"1,2","""Press The Attack""","""Press The Attack - [Level 1]"""
A2JK,True,F,"""F""",,"3,2","""Fire Remnant""",""""""
A2JL,True,R,,,"2,1","""Fire Remnant""","""Fire Remnant [R] - [Level 1]"""
A2JO,True,F,"""F""",,"3,2","""Fire Remnant""","""Fire Remnant"""
A2JP,True,F,"""F""",,"3,2","""Fire Remnant""","""Fire Remnant"""
A2JQ,True,F,"""F""",,"3,2","""Fire Remnant""","""Fire Remnant"""
A2JR,True,F,"""F""",,"3,2","""Fire Remnant""","""Fire Remnant"""
A2K4,True,W,"""W""",,"1,2","""Prudence""","""Shadow Word - [Level 1]"""
A2K5,True,D,D,,"1,2","""Prudence Disarm""",""""""
A2K7,False,T,T,,"2,2","""Annihilator Stun""",""""""
A2KN,False,D,"""D""",,"2,2","""Rip Tide""","""Rip Tide - [Level 1]"""
A2KQ,True,D,"""F""",,"2,1","""Fireblast""","""Unrefined Fireblast"""
A2KR,True,F,"""F""",,"0,2","""Fireblast""",""""""
A2KS,False,F,"""D""",,"3,1","""Find Secret Shop""","""Find Secret Shop"""
B019,False,,,,,,
B032,False,,,,,,
B04X,False,,,,,,
B04Y,False,,,,,,
B0E7,False,,,,,,
B999,False,,,,,,
Aall,False,,,,"0,0","Shop Sharing, Allied Bldg.",
Apit,False,,,,,Shop Purchase Item,
Abdt,False,,,,,Burrow Detection,
Amou,False,R,,R,"1,1",Mount,Morph
AHer,False,,,,,Hero,
Amov,False,,,,,Move,
Ahar,False,G,,E,"3,1",Harvest,Gather
Ahrl,False,G,,E,"3,1",Harvest,Gather
Aawa,False,,,,,Revive Hero Instantly,
Arev,False,,,,,Revive Hero,
Aque,False,,,,,,
Adet,False,,,,"0,2",Detector,
Adt1,False,,,,"0,2",Detector,
Adta,False,R,,,"0,0",Reveal,Reveal
Xbdt,False,,,,,,
Bvul,False,,,,,,
Bspe,False,,,,,,
Bfro,False,,,,,,
Arep,False,R,,R,"1,1",Repair,Repair
BSTN,False,,,,,,
BPSE,False,,,,,,
ARal,False,,,,"3,1",Rally,
AEpa,False,R,R,R,"1,2",Poison Arrows,Poison Arrows - [Level 1]
A09V,False,C,"""C""",C,"0,2","""Poison Attack""","""Poison Attack - [Level 1]"""
A0DY,True,T,"""T""",T,"3,2","""Impetus""","""Impetus - [Level 1]"""
A0LZ,False,W,"""W""",W,"1,2","""Glaives of Wisdom""","""Glaives of Wisdom - [Level 1]"""
A0OI,False,R,R,R,"0,2","""Arcane Orb""","""Arcane Orb - [Level 1]"""
A0QN,False,R,R,,"1,2","""Burning Spear""","""Burning Spear - Level 1"""
A0QD,False,,,,"0,2",Detector,
A0VV,True,T,"""T""",T,"0,2","""Melting Strike""","""Melting Strike"""
A11J,False,W,"""W""",W,"2,2","""Orb of Dummy""","""Glaives of Wisdom - [Level 1]"""
A14K,False,,,,"0,2",Detector,
A1E8,False,C,"""C""",C,"0,2","""Sticky Napalm""","""Sticky Napalm - [Level 1]"""
A1NG,False,E,"""E""",E,"1,2","""Breath of the Necro'lic""","""Breath of the Necro'lic - [Level 1]"""
A1PR,False,,,,"0,2","""Capture Point""",
A1QY,True,T,"""T""",T,"0,2","""Swarm Strike""","""Melting Strike"""
A1WB,True,T,"""T""",T,"3,2","""Impetus""","""Impetus - [Level 1]"""
A201,True,R,R,R,"3,2","""Walrus Punch""","""Walrus Punch - [Level 1]"""
A21K,False,,,,"0,2",Detector,
B01Y,False,,,,,,
B02S,False,,,,,,
B00Q,False,,,,,,
B03D,False,,,,,,
B053,False,,,,,,
B06C,False,,,,,,
B06K,False,,,,,,
B06M,False,,,,,,
B06O,False,,,,,,
B06S,False,,,,,,
B04V,False,,,,,,
B072,False,,,,,,
B07A,False,,,,,,
B08S,False,,,,,,
B095,False,,,,,,
B099,False,,,,,,
B0BM,False,,,,,,
B0C2,False,,,,,,
B0CF,False,,,,,,
AEbu,False,,,,"0,2",Build (Night Elf),
AHbu,False,,,,"0,2",Build (Human),
ANbu,False,,,,"0,2",Build (Neutral),
AObu,False,,,,"0,2",Build (Orc),
AUbu,False,,,,"0,2",Build (Undead),
Aalr,False,,,,,Alarm,
Aatk,False,,,,,Attack,
Afih,False,,,,,On Fire (Human),
Afin,False,,,,,On Fire (Night Elf),
Afio,False,,,,,On Fire (Orc),
Afir,False,,,,,On Fire,
Afiu,False,,,,,On Fire (Undead),
Aloc,False,,,,,Locust,
Xbli,False,,,,,,
Xdis,False,,,,,,
Amls,False,E,,,"0,2",Aerial Shackles,Aerial Shackles
Bmlc,False,,,,,,
Bmlt,False,,,,,,
AHta,False,R,,,,Reveal,Reveal
Afbk,False,,,,"3,2","""Manta Style""",""""""
Afbt,False,,,,"3,2","""Diffusal Blade""",""""""
Acmg,False,C,,,"1,2",Control Magic,Control Magic
Bcmg,False,,,,,,
AHdr,False,N,N,,"2,2",Siphon Mana,Siphon Mana - [Level 1]
Bdbb,False,,,,,Drain Life & Mana (Bonus),
Bdbl,False,,,,,Drain Life (Bonus),
Bdbm,False,,,,,Siphon Mana (Bonus),
Bdcb,False,,,,,,
Bdcl,False,,,,,,
Bdcm,False,,,,,,
Bdtb,False,,,,,,
Bdtl,False,,,,,,
Bdtm,False,,,,,,
Aflk,False,,,,"2,2",Flak Cannons,Flak Cannons
Afsh,False,,,,"1,2",Fragmentation Shards,Fragmentation Shards
Aroc,False,,,,"0,2",Barrage,Barrage
Asph,False,,,,,Sphere,
Asps,False,T,,T,"0,2",Spell Steal,Spell Steal
Aclf,False,C,,,"1,2",Cloud,Cloud
Bclf,False,,,,,,
Xclf,False,,,,,,
AHfs,False,F,F,,"0,2",Flame Strike,Flame Strike - [Level 1]
BHfs,False,,,,,,
XHfs,False,,,,,,
AHbn,False,B,B,,"1,2",Banish,Banish - [Level 1]
BHbn,False,,,,,,
Aphx,False,,,,,Phoenix Morphing (Egg Related),
Bphx,False,,,,,,
Apxf,False,,,,"0,2",Phoenix Fire,Phoenix Fire
Bpxf,False,,,,,,
Agyb,False,,,,"1,2",Flying Machine Bombs,Flying Machine Bombs
Asth,False,,,,"0,2",Storm Hammers,Storm Hammers
Agyv,False,,,,"0,2",True Sight,True Sight
Adef,False,D,,D,"0,2",Defend,Defend
Afla,False,F,,,"0,2",Flare,Flare
Xfla,False,,,,,,
Adts,False,,,,"2,1","""Tower Truesight""",""""""
Ainf,False,F,,F,"2,2",Inner Fire,Inner Fire
Binf,False,,,,,,
Adis,False,D,,,"1,2",Dispel Magic,Dispel Magic
Ahea,False,E,,E,"0,2",Heal,Heal
Bhea,False,,,,,,
BNhe,False,,,,,,
Aslo,False,W,,W,"0,2",Slow,Slow
Bslo,False,,,,,,
Aivs,False,I,,,"1,2",Invisibility,Invisibility
Binv,False,,,,,,
Aply,False,O,,,"2,2",Polymorph,Polymorph
Bply,False,,,,,,
AHbz,False,B,B,,"0,2","""Nether Blast""","""Nether Blast - [Level 1]"""
BHbd,False,,,,,,
XHbz,False,,,,,,
AHwe,False,W,W,,"1,2",Summon Water Elemental,Summon Water Elemental - [Level 1]
BHwe,False,,,,,,
AHab,False,,R,,"2,2",Brilliance Aura,"""Brilliance Aura - [Level 1]"""
BHab,False,,,,,,
AHmt,False,T,T,,"3,2",Mass Teleport,Mass Teleport
AHtb,False,T,T,,"0,2","""Hellfire Blast""","""Hellfire Blast - [Level 1]"""
BHtb,False,,,,,,
AHtc,False,C,C,,"1,2",Thunder Clap,Thunder Clap - [Level 1]
BHtc,False,,,,,,
AHbh,False,,B,,"2,2",Bash,Bash - [Level 1]
BHbh,False,,,,,,
AHav,False,V,V,V,"3,2",Avatar,Activate Avatar
BHav,False,,,,,,
AHhb,False,T,T,,"0,2",Holy Light,Holy Light - [Level 1]
AHds,False,D,D,D,"1,2",Divine Shield,Divine Shield - [Level 1]
BHds,False,,,,,,
AHad,False,,V,,"2,2",Devotion Aura,Devotion Aura - [Level 1]
BHad,False,,,,,,
AHre,False,R,R,,"3,2",Resurrection,Resurrection
Amil,False,C,,W,"1,2",Call to Arms,Call to Arms
Bmil,False,,,,,,
Amic,False,C,,W,"1,2",Call To Arms,Call to Arms
Xfhs,False,,,,,,
Xfhm,False,,,,,,
Xfhl,False,,,,,,
A00P,False,E,"""E""",,"2,2","""Shackles""","""Shackles - [Level 1]"""
A01M,False,,"""G""",,"2,2","""Toughness Aura""","""Toughness Aura - [Level 1]"""
A02A,False,C,"""C""",,"0,2","""Magic Missile""","""Magic Missile - [Level 1]"""
A02N,False,R,"""R""",,"2,2","""Mana Drain""","""Mana Drain - [Level 1]"""
A02R,False,W,,W,"0,2","""Time Slow""",Slow
A037,False,E,"""E""",,"1,2","""Empower""","""Empower - [Level 1]"""
A03S,False,,"""O""",,"1,2","""Headshot""","""Headshot - [Level 1]"""
A056,False,,"""M""",,"3,2","""Marksmanship""","""Marksmanship  - [Level 1]"""
A06M,False,C,C,,"0,2",Thunder Clap,"""Thunder Clap - [Level 1]"""
A07C,False,W,"""W""",,"3,2","""Thundergod's Wrath""","""Thundergod's Wrath - [Level 1]"""
A004,False,T,T,,"0,2","""Shuriken Toss""","""Shuriken Toss - [Level 1]"""
A081,False,,"""E""",,"2,2","""Time Lock""","""Time Lock - [Level 1]"""
A05Z,False,V,V,V,"3,2",Avatar,Activate Avatar
A061,True,,B,,"2,2","""MKB""","""Bash - [Level 1]"""
A01R,False,,,,,"""Flaming Hand""",
A01S,False,,,,,"""Icy hands""",
A028,False,R,"""R""",R,"3,2","""Rage""","""Activate Rage - [Level 1]"""
A04Q,False,E,"""E""",E,"3,2","""Death Pact""","""Death Pact - [Level 1]"""
A053,False,D,"""D""",D,"2,2","""Dark Ritual""","""Dark Ritual - [Level 1]"""
A052,False,D,"""D""",D,"2,2","""Spell Shield""","""Spell Shield - [Level 1]"""
A06L,False,W,"""W""",,"3,2","""Thundergod's Wrath""","""Thundergod's Wrath - [Level 1]"""
A07E,False,E,"""E""",E,"3,2","""Death Pact""","""Death Pact - [Level 1]"""
A07R,False,T,T,,"0,2","""Sunder projectile enemy""",Storm Bolt - [Level 1]
A08S,False,,,,,"""Poison Hand""",
A09J,True,,"""P""",,"2,1","""Split Shot""","""Split Shot"""
A0CE,False,C,"""C""",,"1,2","""Decrepify""","""Decrepify - [Level 1]"""
A0CF,False,,R,,"2,2","""Nether Ward""","""Nether Ward - [Level 1]"""
A00R,False,,,,,"""Chaos Knight Sphere""",
A01U,False,V,"""V""",V,"2,2","""Living Armor""","""Living Armor - [Level 1]"""
A01Z,False,T,"""T""",,"0,2","""Nature's Guise""","""Nature's Guise - [Level 1] """
A02Q,False,F,"""F""",,"3,2","""Fiend's Grip""","""Fiend's Grip - [Level 1]"""
A04V,False,E,"""E""",E,"0,2","""Enfeeble""","""Enfeeble - [Level 1]"""
A03Y,False,E,"""E""",,"0,2","""Earthshock""","""Earthshock - [Level 1]"""
A060,False,,"""I""",,"2,2","""Sadist""","""Sadist - [Level 1]"""
A07L,True,C,C,,"1,2","""Epicenter""",""""""
A07N,False,C,"""C""",C,"2,2","""Chakra Magic""","""Chakra Magic - [Level 1]"""
A05R,False,B,B,,"1,2",Banish,Banish - [Level 1]
A00X,False,B,B,,"1,2","""Spirit Lance Banish""",""""""
A0DB,False,,"""X""",,"2,2","""Juxtapose""","""Juxtapose - [Level 1]"""
A0C6,False,,"""X""",,"2,2","""Counter Helix""","""Counter Helix - [Level 1]"""
A0C7,False,E,"""E""",,"0,2","""Berserker's Call""","""Berserker's Call - [Level 1]"""
A0DX,False,C,"""C""",C,"1,2","""Enchant""","""Enchant - [Level 1]"""
A04R,False,,,,,"""Marker""",
A057,False,,,,"0,2","""Poison Nova damage""",Phoenix Fire
A0E1,False,F,,F,"2,2","""Berserker's Call effect""",Inner Fire
A0E7,False,C,,,"1,2","""Smoke screen effect""",Cloud
A0E9,False,,,,"0,2","""DiabolicEffect""","""Phoenix Fire"""
A064,False,R,"""R""",,"0,2","""Shrapnel""","""Shrapnel - [Level 1]"""
A0EE,False,,"""R""",,"1,2","""Rupture""","""Rupture - [Level 1]"""
A0EP,False,,"""E""",,"1,2","""Mana Leak""","""Mana Leak - [Level 1]"""
S000,True,,,,,"""Grow size 1""",
A0EU,False,T,,T,"2,2","""Stoneform""","""Stoneform - [Level 1]"""
A0C9,False,,,,"0,2","""Shukuchi Effect""","""Phoenix Fire"""
A012,False,T,"""T""",T,"0,2","""Split Shot""","""Split Shot - [Level 1]"""
A019,False,C,,,"1,2","""Smoke screen scourge""",Cloud
S001,True,,,,,"""Grow size 2""",
S006,True,,,,,"""Grow size 3""",
A06E,True,F,,F,"2,2","""Power Word Ally""",Inner Fire
A08K,False,,"""C""",,"2,2","""Tornado Barrier buff""",""""""
A0E3,False,V,"""V""",,"3,2","""Mana Void""","""Mana Void - [Level 1]"""
A0F6,False,E,"""E""",E,"1,2","""Unstable Power""","""Unstable Power - [Level 1]"""
A0FE,False,T,"""T""",,"1,2","""Scorched Earth""","""Scorched Earth - [Level 1]"""
A0FL,False,D,"""D""",,"3,2","""Dismember""","""Dismember - [Level 1]"""
A0FU,False,,"""P""",,"2,1","""Presence of the Dark Lord""","""Presence of the Dark Lord - [Level 1]"""
A0G9,False,T,"""T""",,"3,2","""Temporal Drag""","""Temporal Drag - [Level 1]"""
A0HC,False,I,,,"1,2","""sandking invis""",Invisibility
A0HO,False,I,,,"2,2","""Sand Storm Invisibility""",""""""
A0HZ,False,,,,,Sphere,
A0I0,False,,,,,Sphere,
A0I1,False,,,,,Sphere,
A0IB,False,,,,,Sphere,
A0IC,False,,,,,Sphere,
A0ID,False,,,,,Sphere,
A0IV,False,W,"""W""",,"1,2","""Time Walk Effect 2""","""Empower - [Level 1]"""
A0J2,False,C,,,"1,2","""Chronosphere unit effect""",Cloud
A0DG,False,,,,,Sphere,
A0DN,False,,,,,Sphere,
A0IX,False,,,,,Sphere,
A0JJ,False,,B,,"2,2",Bash,"""Bash - [Level 1]"""
A0JN,False,,,,,"""Roshan's Animation""",
A0KK,False,,"""F""",,"1,2","""Faith""","""Aura of Faith - [Level 1]"""
A0LA,False,C,C,,"0,2","""Time Walk""",""""""
A0M5,False,,,,"1,1","""Necronomicon Sight""",Magic Sentry
A0M1,True,E,"""E""",,"3,2","""Omnislash""","""Omnislash [E] - [Level 1]"""
A0M9,False,C,C,,"0,2","""Slithereen Crush""",""""""
A0MT,False,B,B,,"0,2","""Nether Blast""","""Nether Blast - [Level 1]"""
A0NL,False,T,T,,"0,2","""Paralyzing casks effect""",Storm Bolt - [Level 1]
A0NP,False,,,,"0,2","""Death Ward 3 target""",Barrage
A0NN,True,T,T,,"0,2","""Dispersion Stun""","""Storm Bolt - [Level 1]"""
A0NY,False,C,C,,"1,2","""Beast Roar (Side Effect)""",Thunder Clap - [Level 1]
A0O2,False,R,"""R""",,"3,2","""Primal Roar""","""Primal Roar - [Level 1]"""
A0O3,False,,"""G""",,"2,2","""Goblin's Greed""","""Goblin's Greed - [Level 1]"""
A0OE,False,F,F,,"0,2","""Macropyre Flame""",Flame Strike - [Level 1]
A0OF,False,T,T,,"0,2","""Ice Path Freeze""",Storm Bolt - [Level 1]
A0J4,False,,"""P""",,"2,1","""Acid Spray""",""""""
A0J7,True,T,T,,"0,2","""Unstable Concoction""",""""""
A0JB,False,T,T,,"0,2",Storm Bolt,"""Storm Bolt - [Level 1]"""
A0JC,False,G,"""G""",,"1,2","""Lightning Bolt""","""Lightning Bolt - [Level 1]"""
A0JD,True,T,T,,"0,2","""Unstable Concoction""",""""""
A0JE,True,W,,W,"0,2","""Upheaval""",Slow
A0L7,True,T,T,,"0,2","""Basic Stun""",""""""
A0NJ,False,W,,W,"0,2","""Blowdart""",""""""
A0NK,True,T,T,,"0,2","""BlowDart""",""""""
A0NQ,False,T,T,,"0,2","""Poison Touch""","""Poison Touch - [Level 1]"""
A0P3,False,,,,,"""ThisSphere""",
A0P4,False,,,,,"""Marker Allow Neutral Spawn""",
A0PZ,True,T,T,,"0,2","""Ministun""",""""""
A0Q1,False,,V,,"2,2","""Assault Cuirass +Armor Aura""",Devotion Aura - [Level 1]
A0Q2,False,,V,,"2,2","""Assault Cuirass -Armor Aura""",Devotion Aura - [Level 1]
A0QF,True,T,T,,"0,2","""Vacuum Stun""","""Storm Bolt - [Level 1]"""
A0QU,False,,,,"0,2","""Soul Eater""",""""""
A0R4,False,W,,W,"0,2","""Plague (slow)""",""""""
A0R9,True,T,T,,"0,2","""Generic_Ministun""",""""""
A0RA,False,T,"""T""",,"1,2","""Pit of Malice""","""Pit of Malice - Level 1"""
A0RJ,True,T,T,,"0,2","""Expulsion""",""""""
A0RK,False,C,D,C,"2,1","""Courier Shield""","""Courier Shield - [Level 1]"""
A0RL,False,T,"""T""",,"0,2","""Meld""",""""""
A0RU,False,W,,W,"0,2","""Psionic Trap Slow""",""""""
A0RZ,False,T,T,,"0,2",Storm Bolt,""""""
A0S5,False,,,,"0,2","""Overload""",""""""
A0SE,True,C,"""C""",,"3,2","""Dream Coil""","""Dream Coil Prison - Level 1"""
A0SF,True,T,T,,"0,2","""PrismaticPrison_Ministun""",""""""
A0SG,True,T,T,,"0,2","""PrismaticPrison_Ministun Main""",""""""
A0S8,True,C,"""C""",,"3,2","""Dream Coil""","""Dream Coil - Level 1"""
A0SJ,False,T,T,,"0,2","""Fissure_Stun""",""""""
A0SQ,False,R,"""R""",R,"0,2","""Rage""","""Rage - [Level 1]"""
A0T0,False,,,,"0,2","""MageArmor""",""""""
A0TH,True,W,,W,"0,2","""Wound""",""""""
A0TI,False,W,"""W""",,"2,2","""Open Wounds""","""Open Wounds - [Level 1]"""
A0UM,False,,,,,"""Orb - Wex""",
A0UN,False,,,,,"""Orb - Quas""",
A0UO,False,,,,,"""Extort""",
A0UP,True,T,T,,"0,2","""OpenWounds""",""""""
A0UQ,False,,,,,"""FrogWex""",
A0US,False,,,,"0,2","""Phoenix Fire (Extort)""","""Phoenix Fire (Extort)"""
A0WY,False,T,T,,"0,2","""Paralyzing casks effect fast""",Storm Bolt - [Level 1]
A0WZ,True,C,C,,"0,2",Thunder Clap,"""Thunder Clap"""
A0X3,True,C,,,"1,2","""Blackhole effect - sent""",""""""
A0X4,True,C,,,"1,2","""Blackhole effect - scourge""",""""""
A0X6,True,T,T,,"0,2","""Generic_Stun""",""""""
A0VG,True,T,"""""",,"1,1","""Sun Strike""","""Sun Strike [EEE] - [T]"""
A0VI,True,T,T,,"0,2","""Cold Snap ministun""",""""""
A0YI,True,F,"""""",,"2,1","""Sun Strike""","""Sun Strike [EEE] - [F]"""
A0YL,True,W,,W,"0,2","""Stifling Knife Slow""",""""""
A0YW,True,C,C,,"1,2","""Range Epi""",""""""
A0YZ,True,T,T,,"0,2","""Mark of Fire Stun""",""""""
A0Z6,False,R,"""R""",,"2,2","""Rocket Flare""","""Rocket Flare - [Level 1]"""
A0Z7,True,T,T,,"0,2","""Battery Assault""",""""""
A0Z9,True,T,T,,"0,2","""Hookshot Stun""",""""""
A10T,True,W,,W,"0,2","""Freezing Field Slow""",""""""
A11L,True,W,,W,"0,2","""Ghost Ship Slow""",""""""
A12G,False,,,,,"""Marker - Dispellable""",
A13R,True,T,T,,"0,2","""Shackleshot Stun""",""""""
A13X,True,T,T,,"0,2","""Ghostship""",""""""
A142,True,,V,,"2,2","""Roshan Aura""",""""""
A14Q,False,E,"""E""",,"2,2","""Electric Vortext""",""""""
A14S,False,,,,"0,2","""Electric Vortex""",""""""
A17B,False,W,,W,"0,2","""Epicenter Slow""",""""""
A17S,False,,,,,"""SiegeUnit""",
A18B,False,,V,,"2,2","""Totem of Earth""",""""""
A193,True,,"""G""",,"1,2","""Toughness Aura""","""Toughness Aura"""
A19F,True,W,,W,"0,2","""Shrapnel Slow""",""""""
A19N,True,E,"""E""",,"2,2","""Lasso""",""""""
A19P,True,W,,W,"0,2","""Mana Leak Slow""",""""""
A19U,False,W,,W,"0,2","""Firefly Slow""",""""""
A1A6,False,F,,F,"2,2","""Rush Armor""",Inner Fire
A1A7,False,B,B,,"1,2","""Ancestral Charge Banish""",Banish - [Level 1]
A1AH,False,,V,,"2,2","""Piercing Damage""",Devotion Aura - [Level 1]
A1AI,True,W,,W,"0,2","""Shock Slow""",""""""
A1AX,True,E,"""E""",,"3,2","""Omnislash upgrade""","""Omnislash [E] - [Level 1]"""
A1B2,False,F,F,,"0,2","""Macropyre Flame upgrade""",Flame Strike - [Level 1]
A1B7,True,,"""P""",,"0,1","""Natural Order - Armor 4""","""Darkness Aura"""
A1C3,True,,"""P""",,"0,1","""Natural Order - Armor 2""","""Darkness Aura"""
A1C4,True,,"""P""",,"0,1","""Natural Order - Armor 3""","""Darkness Aura"""
A1C5,True,,"""P""",,"0,1","""Natural Order - Armor 1""","""Darkness Aura"""
A1CE,True,W,,W,"0,2","""Earthsplitter Slow""",""""""
A1CL,False,,,,"3,2","""Diffusal Burn Level 2""",""""""
A1CQ,False,,,,,"""Natural Order Aura Art""",
A1CX,False,D,"""D""",,"3,2","""Dismember Upgraded""","""Dismember - [Level 1]"""
A1D9,False,F,"""F""",,"3,2","""Fiend's Grip Upgrade""","""Fiend's Grip - [Level 1]"""
A1EM,True,W,,W,"0,2","""Napalm Slow 3""",Slow
A1EN,True,W,,W,"0,2","""Napalm Slow 2""",Slow
A1EO,True,W,,W,"0,2","""Napalm Slow 1""",Slow
A1EP,True,W,,W,"0,2","""Napalm Slow 4""",Slow
A1EY,False,,,,,"""Orb Shop Effect 3""",
A1EZ,False,,,,,"""Orb Shop Effect 1""",
A1F0,False,,,,,"""Orb Shop Effect 2""",
A1F1,False,,,,,"""Orb Shop Effect 4""",
A1F2,False,,,,,"""Support Shop Effect 1""",
A1FN,True,W,,W,"0,2","""Napalm Slow Constant""",Slow
A1GB,False,T,"""T""",,"0,2","""Nature's Guise""","""Nature's Guise - [Level 1] """
A1GS,True,Q,"""Q""",Q,"0,2","""Quas""","""Quas - [Level 1]"""
A1H1,False,W,,W,"0,2","""Time Slow (day)""",Slow
A1MJ,False,T,T,,"0,2","""Cold Feed Stun""",""""""
A1NT,False,,,,"2,1","""Scepter ALT (Luna)""",""""""
A1NU,False,,,,"2,1","""Scepter ALT (Huskar)""",""""""
A1O4,False,,,,,"""Santa Hat Small""",
A1O5,False,,,,,"""Flying Courier Fire""",
A1OA,False,,,,,"""Roshan Fire""",
A1OS,True,F,C,,"1,1",Thunder Clap,"""Thunder Clap [F]"""
A1P3,True,,"""G""",,"2,1","""Toughness Aura""","""Toughness Aura"""
A1PN,True,,"""G""",,"2,1","""Capture Point - Ability Armor 2b""","""Toughness Aura"""
A1PO,True,,"""G""",,"2,1","""Capture Point - Ability Armor 2a""","""Toughness Aura"""
A1PP,True,,"""G""",,"2,1","""Capture Point - Ability Armor 2a - Creeps""","""Toughness Aura"""
A1PQ,True,,"""G""",,"2,1","""Capture Point - Ability Armor 2b - Creeps""","""Toughness Aura"""
A1PT,True,,"""G""",,"2,1","""Capture Point - Ability 1a""","""Toughness Aura"""
A1PU,True,,"""G""",,"2,1","""Capture Point - Ability 1b""","""Toughness Aura"""
A1QP,True,C,"""C""",,"3,2","""Dream Coil""","""Dream Coil - Level 1"""
A1R4,False,T,T,,"0,2","""Sentinel_Stun""",""""""
A1RB,False,,,,,"""Marker - No Hook""",
A1S6,True,C,"""C""",,"3,2","""Chain Freeze""","""Chain Freeze - [Level 1]"""
A1SN,True,T,T,,"0,2","""Chainfreeze Stun""",""""""
A1SP,False,,,,"0,2","""Rocket Barrage Spray""",""""""
A1T1,True,T,T,,"3,2","""Spark""","""Psyche Split - [Level 1]"""
A1T2,False,,"""G""",,"2,2","""Engineering Upgrade""","""Engineering Upgrade - [Level 1]"""
A1T5,True,C,"""C""",,"3,2","""Call Down""","""Call Down - [Level 1]"""
A1TO,True,W,,W,"0,2","""Wisp Spirits Slow""",""""""
A1TW,True,,"""P""",,"2,1","""Flak Cannon""","""Flak Cannon"""
A1U4,True,C,,,"1,2","""Staticstorm effect - sent""",""""""
A1U5,True,C,,,"1,2","""Staticstorm effect - scourge""",""""""
A1UO,True,T,T,,"0,2","""Walrus Punch Stun 1""",""""""
A1UP,True,T,T,,"0,2","""Walrus Punch Stun 2""",""""""
A1V9,False,,,,,"""Axe Aghanim Effect""",
A1VA,False,,,,,"""Balanar Aghanim Effect""",
A1VB,False,,,,,"""Butcher Aghanim Effect""",
A1VC,False,,,,,"""Earthshaker Aghanim Effect""",
A1VD,False,,,,,"""SandKing Aghanim Effect""",
A1VE,False,,,,,"""Spiritbreaker Aghanim Effect""",
A1VF,False,,,,,"""Twin Head Dragon Aghanim Effect""",
A1WQ,True,T,T,,"0,2","""Greater Bash Stun""",""""""
A1YF,True,T,T,,"0,2","""Supernova Stun""",""""""
A1YM,False,,,,,"""Santa Hat Large""",
A1YN,False,,,,,"""Santa Hat Medium""",
A208,False,,,,,"""Chen Aghanim Effect""",
A209,True,T,"""T""",,"0,2","""Smoke of Deceit""",""""""
A20G,False,,V,,"2,2","""Frozen Sigil Armor""",Devotion Aura - [Level 1]
A20M,False,,,,,"""Furion Aghanim Effect""",
A20R,False,,,,,"""Candy Cane Effect""",
A21P,False,W,,W,"0,2","""Whirling Axes Slow""",""""""
A21U,True,W,,W,"0,2","""Fire Spirits Slow""",""""""
A22C,False,,,,,"""Sphere upgrade""",
A22D,False,,,,,"""Sphere upgrade""",
A22E,False,,,,,"""Sphere upgrade""",
A22F,False,,,,,"""Sphere upgrade""",
A22G,False,,,,,"""Sphere upgrade""",
A22H,False,,,,,"""Sphere upgrade""",
A22I,False,,,,,"""Sphere upgrade""",
A22J,False,,,,,"""Sphere upgrade""",
A22K,False,,,,,"""Sphere upgrade""",
A22L,False,,,,,"""Morph Agi FX""",
A22T,False,,,,,"""Morph Str FX""",
A235,True,C,"""C""",,"3,2","""Call Down""","""Call Down - [Level 1]"""
A248,True,T,T,,"0,2","""Spirit Bash Stun""",""""""
A24N,True,,"""G""",,"1,2","""Living Armor""",""""""
A254,True,,"""G""",,"1,2","""Living Armor Structure""",""""""
A267,False,,,,,"""Gem Effect - Real""",
A268,False,,,,,"""Gem Effect - Fake""",
A274,True,F,C,,"1,1",Thunder Clap,""""""
A27B,False,T,"""T""",,"1,2","""Phoenix Tears""","""Phoenix Tears - [Level 1]"""
A27U,False,,,,,"""Null Field Aura Art""",
A27Y,True,,"""G""",,"1,2","""Living Armor Global""",""""""
A27Z,True,,"""G""",,"1,2","""Living Armor Structure Global""",""""""
A282,True,T,T,,"0,2","""Telekinesis Stun""",""""""
A283,False,,,,,"""Expulsion Aura Art""",
A289,False,R,"""R""",,"3,2","""Primal Roar""","""Primal Roar - [Level 1]"""
A29D,False,,,,,"""Beastmaster Aghanim Effect""",
A2AF,True,,R,,"2,2",Brilliance Aura,"""Brilliance Aura"""
A2AG,True,,R,,"2,1",Brilliance Aura,"""Brilliance Aura"""
A2B6,True,E,"""E""",,"3,2","""Exhaustion""","""Exaustion - [Level 1]"""
A2BF,False,W,"""W""",W,"1,2","""Slow Motion""","""Slow Motion - [Level 1]"""
A2BU,False,T,"""T""",,"1,2","""No Quarter""","""No Quarter - [Level 1]"""
A2F5,True,W,"""W""",,"3,2","""Prevailing Winds""","""Prevailing Winds - [Level 1]"""
A2HB,False,B,B,,"2,2","""Flash Bomb""","""Flash Bomb - [Level 1]"""
A2HF,False,C,C,,"0,2","""Concussive Shot Slow""",""""""
A2IR,False,C,"""C""",,"0,2","""Cleanse""","""Cleanse - [Level 1]"""
A2IU,False,C,C,,"0,2","""Concussive Shot Slow NEW""",""""""
A2K3,False,W,,W,"0,2","""Crippling Staff Slow""",""""""
A2KP,False,,,,,"""Spiked Carapace Effect""",
B003,False,,,,,,
B005,False,,,,,,
B008,False,,,,,,
B00D,False,,,,,,
B00P,False,,,,,,
B00U,False,,,,,,
B011,False,,,,,,
B01Q,False,,,,,,
B00R,False,,,,,,
B01N,False,,,,,,
B01O,False,,,,,,
B020,False,,,,,,
B021,False,,,,,,
B02D,False,,,,,,
B02G,False,,,,,,
B02R,False,,,,,,
B02V,False,,,,,,
B02X,False,,,,,,
B03B,False,,,,,,
B03C,False,,,,,,
B03F,False,,,,,,
B03H,False,,,,,,
B03I,False,,,,,,
B03V,False,,,,,,
B03X,False,,,,,,
B02I,False,,,,,,
B04B,False,,,,,,
B04J,False,,,,,,
B04K,False,,,,,,
B04L,False,,,,,,
B03Y,False,,,,,,
B04Q,False,,,,,,
B04R,False,,,,,,
B052,False,,,,,,
B054,False,,,,,,
B055,False,,,,,,
B057,False,,,,,,
X000,False,,,,,,
X001,False,,,,,,
B05G,False,,,,,,
B05J,False,,,,,,
B05K,False,,,,,,
B05L,False,,,,,,
B05Q,False,,,,,,
X002,False,,,,,,
B05T,False,,,,,,
B05U,False,,,,,,
B05W,False,,,,,,
B05Y,False,,,,,,
B05Z,False,,,,,,
B063,False,,,,,,
B06Q,False,,,,,,
B06V,False,,,,,,
B06W,False,,,,,,
B074,False,,,,,,
B07M,False,,,,,,
B07N,False,,,,,,
B03E,False,,,,,,
B07Q,False,,,,,,
B07R,False,,,,,,
B085,False,,,,,,
B08D,False,,,,,,
X003,False,,,,,,
B08G,False,,,,,,
B08H,False,,,,,,
B08K,False,,,,,,
B08M,False,,,,,,
B08N,False,,,,,,
B08V,False,,,,,,
B090,False,,,,,,
B093,False,,,,,,
B09J,False,,,,,,
B09Q,False,,,,,,
B0A6,False,,,,,,
B0A9,False,,,,,,
B0AB,False,,,,,,
B0AC,False,,,,,,
B0AD,False,,,,,,
B0AE,False,,,,,,
B0BB,False,,,,,,
B0BC,False,,,,,,
B0BD,False,,,,,,
B0BE,False,,,,,,
B0BF,False,,,,,,
B0BK,False,,,,,,
B0BL,False,,,,,,
B0BO,False,,,,,,
B0BR,False,,,,,,
B0C4,False,,,,,,
B0CO,False,,,,,,
B0CP,False,,,,,,
B0CR,False,,,,,,
B0CS,False,,,,,,
B0DC,False,,,,,,
B0DF,False,,,,,,
B0DI,False,,,,,,
B0DL,False,,,,,,
B0DY,False,,,,,,
B0E0,False,,,,,,
B0E1,False,,,,,,
B0EE,False,,,,,,
B0EF,False,,,,,,
B0EP,False,,,,,,
B0F0,False,,,,,,
B0F2,False,,,,,,
X004,False,,,,,,
B0FY,False,,,,,,
B0G0,False,,,,,,
Srtt,False,,,,,,
BHbz,False,,,,,,
Bivs,False,,,,,,
AIbk,False,,,,"1,2",Blink (Item Version),
AIam,False,,,,,Item Agility Gain,
AIsp,False,,,,,Item Temporary Speed Bonus,
AIat,False,,,,,Item Damage Bonus,
AIt6,False,,,,,Item Damage Bonus,
AIt9,False,,,,,Item Damage Bonus,
AItc,False,,,,,Item Damage Bonus,
AItf,False,,,,,Item Damage Bonus,
AIcy,False,C,,,,Cyclone,Cyclone
AIde,False,,,,,Item Armor Bonus,
AId1,False,,,,,Item Armor Bonus,
AId2,False,,,,,Item Armor Bonus,
AId3,False,,,,,Item Armor Bonus,
AId4,False,,,,,Item Armor Bonus,
AId5,False,,,,,Item Armor Bonus,
AId0,False,,,,,Item Armor Bonus,
AIhe,False,,,,,Item Healing,
AIha,False,,,,,Item Area Healing,
AIvi,False,,,,,Item Temporary Invisibility,
AIpi,False,,,,,,
AIvu,False,,,,,Item Temporary Invulnerability,
AIvl,False,,,,,Item Temporary Invulnerability,
AIma,False,,,,,Item Mana Regain,
AImr,False,,,,,Item Area Mana Regain,
AIre,False,,,,,Item Heal/Mana Regain,
AIra,False,,,,,Item Area Heal/Mana Regain,
APra,False,,,,,Rune Area Heal/Mana Regain,
AIda,False,,,,,Item Temporary Area Armor Bonus,
AIdb,False,,,,,"""Headdress Heal""",
Bdef,False,,,,,,
AIta,False,,,,,Item Area Detection,
AItb,False,,,,,Dust of Appearance,
Bdet,False,,,,,,
AIrm,False,,,,,Item Mana Regeneration,
AIfi,False,,,,,Item Firebolt,
AIil,False,,,,,Item Illusions,
BIil,False,,,,,,
AIdi,False,,,,,Item Dispel,
AIds,False,,,,,Item Dispel,
AIfb,False,,,,,Item Attack Fire Bonus,
AIll,False,,,,,Orb of Lightning (new),
AIob,False,,,,,Item Attack Frost Bonus,
AIpb,False,,,,,Item Attack Poison Bonus,
AIcb,False,,,,,Item Attack Corruption Bonus,
BIcb,False,,,,,,
AIsi,False,,,,,Item Sight Range Bonus,
AIto,False,,,,,,
AIga,False,,,,,,
AIrc,False,,,,,Item Reincarnation,
AIte,False,,,,,,
AItp,False,,,,,Item Town Portal,
BFig,False,,,,,,
AIfs,False,,,,,Item Skeleton Summon,
AIin,False,,,,,,
AIpm,False,,,,,Item Place Goblin Land Mine,
AImn,False,,,,,,
AImm,False,,,,,Item Mana Bonus,
AImb,False,,,,,Item Mana Bonus,
AImz,False,,,,,Item Mana Bonus (100),
AIbm,False,,,,,Item Mana Bonus,
AIas,False,,,,,Item Attack Speed Bonus,
AIsx,False,,,,,Item Attack Speed Bonus,
AIs2,False,,,,,Item Attack Speed Bonus,
AIva,False,,,,,Item Life Steal,
AIcf,False,,,,,Item Immolation,
BIcf,False,,,,,,
Arel,False,,,,,Item Life Regeneration,
AIs6,False,,,,,Item Hero Stat Bonus,
AIa6,False,,,,,Item Hero Stat Bonus,
AIms,False,,,,,Item Move Speed Bonus,
AIi6,False,,,,,Item Hero Stat Bonus,
AIx2,False,,,,,Item Hero Stat Bonus,
AIx5,False,,,,,Item Hero Stat Bonus,
AIh1,False,,,,,Item Healing,
AIsw,False,,,,,Sentry Ward,
AIv1,False,,,,,Item Temporary Invisibility,
AIm1,False,,,,,Item Mana Regain,
AIrr,False,,,,,Roar,
AIev,False,,,,,Evasion,
AIa2,False,,,,,,
AIl2,False,,,,,Item Life Bonus,
AIi2,False,,,,,,
AIcd,False,,"""F""",,"1,2","""Diffusion Aura""","""Diffusion Aura - [Level 1]"""
AIan,False,,,,,Item Animate Dead,
AIaa,False,,,,,Item Permanent Damage Gain,
AImi,False,,,,,Item Permanent Life Gain,
AIa1,False,,,,,Item Hero Stat Bonus,
AIx1,False,,,,,Item Hero Stat Bonus,
AIs1,False,,,,,Item Hero Stat Bonus,
AIi1,False,,,,,Item Hero Stat Bonus,
AIfc,False,,,,,Flying Carpet,
AIba,False,,,,,,
AIad,False,,,,,,
AIae,False,,,,,"""Yasha""",
AIau,False,,,,,"""Headdress of Rejuvenation Aura""",
AIrl,False,,,,,Healing Salve,
AIpr,False,,,,,"""Sapphire Water""",
AIpl,False,,,,,Lesser Clarity Potion,
AIp2,False,,,,,Generic Item-Rejuv Effect,
AIsl,False,,,,,Scroll of Regeneration,
BIrl,False,,,,,,
BIrm,False,,,,,,
BIrg,False,,,,,,
AIgo,False,,,,,Chest of Gold,
Ablp,False,,,,,Blight Placement,
AIct,False,,,,,Change Time of Day,
AIpv,False,,,,,Vampiric Potion,
BIpv,False,,,,,,
AIsr,False,,,,,Spell Damage Reduction,
AIbl,False,,,,,Build Tiny Castle,
AIbg,False,,,,,Build Tiny Great Hall,
AIbt,False,,,,,Build Tiny Scout Tower,
AImt,False,,,,,Staff of Teleportation,
ANpr,False,,,,,Staff of Preservation,
Amec,False,,,,,Mechanical Critter,
ANss,False,,,,,Spell Shield,
ANse,False,,,,,Spell Shield,
Bnss,False,,,,,,
Aspb,False,,,,,Spell Book,
AIrd,False,,,,,Raise Dead (Item),
ANsa,False,,,,,Staff of Sanctuary,
BNsa,False,,,,,,
AIsa,False,,,,,Scroll of Haste,
AIsb,False,,,,,Orb of Slow,
AIos,False,,,,,"""Maim""",Slow
AIxs,False,,,,,Item Anti-Magic Shell,
Aami,False,,,,,Item Anti-Magic Shell,
AIpg,False,,,,,Item Purge,
AIti,False,,,,,Item Damage Bonus,
AItj,False,,,,,Item Damage Bonus,
AItn,False,,,,,Item Damage Bonus,
AItx,False,,,,,Item Damage Bonus,
AIh3,False,,,,,Least Healing,
AIdd,False,,,,,Defend,
AIsz,False,,,,,Slow Poison,
AIft,False,,,,,Melee Cold Damage Bonus,
AIxk,False,,,,,Berserk,
A04D,False,,,,,"""Item Agility Bonus""",
A04F,False,,,,,"""Item Int Bonus""",
A005,False,,,,,"""Double Damage""",
A00I,False,,,,,"""Item Strength Bonus""",
A00Z,False,,,,,"""Item Damage Bonus (+55)""",
A018,False,,,,,"""Item Life bonus""",
A02D,False,,,,,"""Item Mana Regen 125""",
A02I,False,,,,,"""Item Hero Stat Bonus +25 all""",
A02P,False,,,,,"""Item Life bonus (+200)""",
A02U,False,,,,,"""Item Life Steal 10%""",
A05J,False,E,"""E""",,"0,2","""Land Mines""","""Land Mines - [Level 1]"""
A008,False,,,,,"""Bash 10%""",
A00D,False,,,,,"""Item Move faster""",
A00M,False,,,,,Item Life Regeneration,
A00Q,False,,,,,"""Haste""",
A014,False,,,,,Item Hero Stat Bonus,
A015,False,,,,,"""Item Strength Bonus""",
A016,False,,,,,"""Item Agility Bonus""",
A01Q,False,,,,,"""Item Int Bonus""",
A02B,False,,,,,"""Item Damage Bonus (+35)""",
A04O,False,,,,,"""Item Damage Bonus (+75)""",
A04T,False,,,,,"""Item Life Steal 25%""",
A08Q,False,C,"""C""",,"1,2","""Metamorph Image""","""Conjure Image - [Level 1]"""
A09B,False,,,,,"""Crit 10%""",
A09G,False,,,,,"""Item Agility Bonus""",
A09I,False,,,,,"""Item Attack Speed 10%""",
A09L,False,,,,,"""Item Attack Speed 55%""",
A02W,False,,,,,"""Item Cooldown Reset""",
A03T,False,,,,,"""Item Hero Stat Bonus +10 all""",
A08B,False,,,,,Item Life Regeneration,
A05A,False,,,,,"""Item Mana Regen 150""",
A02Y,False,,,,,"""Item Int Bonus""",
A06C,False,,,,,"""Item Damage Bonus (+50)""",
A009,False,,,,,"""Item Hero Stat Bonus +3 all""",
A023,False,,,,,"""Bash 15%""",
A07O,False,,,,,Evasion,
A096,False,,,,,"""Item Int Bonus""",
A097,False,,,,,"""Item Int Bonus""",
A098,False,,,,,"""Item Int Bonus""",
A09A,False,,,,,"""Item Int Bonus""",
A09O,False,,,,,"""Crit 25%""",
A09P,False,,,,,"""Item Life Steal 15%""",
A09Q,False,,,,,"""Item Strength Bonus""",
A09T,False,,,,,"""Item Damage Bonus (+65)""",
A09X,False,,,,,"""Item Attack Speed 25%""",
A09Y,True,,,,"0,2","""Entangle""","""Entangle"""
A0BK,False,,"""P""",,"2,2","""Incapacitating Bite""",
A0BP,False,T,"""T""",,"3,2","""Insatiable Hunger""","""Insatiable Hunger - [Level 1]"""
A04S,False,,,,,Orb of Lightning (new),
A03K,False,R,"""R""",,"3,2","""Darkness""","""Darkness - [Level 1]"""
A03A,False,,,,,"""Gargoyle Spell Damage Reduction""",
A00B,False,,,,,"""Item Damage Bonus (+25)""",
A03L,False,,,,,"""Item Damage Bonus (+40)""",
A02X,False,,,,,"""Observer Ward""",
A05U,False,,,,,"""Item Move Power Treads""",
A0CB,False,,,,,"""Item Mana Regen 10000""",
A0DC,False,,,,,"""DoppelWalk Illusion""",
A0DD,False,,,,,"""JuxtaposeIllusions""",
A0BR,False,,"""N""",,"1,1","""Necromastery""",
A0C2,False,,,,,"""Grow! speed""",
A0DV,False,,,,,"""BlindStrikeBonus""",
A0E4,False,,,,,"""Item Attack Speed 5%""",
A0E5,False,,"""L""",,"1,2","""Disentangle""","""Disentangle - [Level 1]"""
A0EJ,False,,,,,"""Item Damage Bonus (+22)""",
A043,False,,,,,"""Item Agility Bonus""",
A0EM,False,,,,,"""Item Attack Speed 80%""",
A0EN,False,,,,,"""Item Hero Stat Bonus +20 all""",
A0EW,False,,,,,Roar,
A0EX,False,,,,,Item Life Regeneration,
A0EK,False,,,,,"""Maim""",
A0CG,False,,"""K""",,"2,2","""Geminate Attack""",
A0CU,False,,,,,"""Sange and Yasha""",
A0CV,False,,,,,"""Sange and Yasha move""",
A0CW,False,,,,,"""Item Hero Stat Bonus S & Y""",
A01G,False,,"""M""",,"2,2","""Sand Storm""",
A05H,False,,,,,"""Shadow Weave friendly""",
A05I,False,,,,,"""Shadow Weave enemy""",
A07S,False,,,,,Spell Damage Reduction,
A051,False,,,,,"""Item Hero Stat Bonus Manta""",
A0AX,False,,,,,"""Item Life bonus (+250)""",
A0BS,False,,,,,"""Scroll of Regeneration (Item)""",
A0BX,False,,,,,"""Item Heal Area""",
A0CD,False,,,,,"""Item Hero Stat Bonus +5 all""",
A0CK,False,,,,,"""Mekansm Armor + Heal""",
A0CX,False,,,,,"""Staff of Teleportation (item)""",
A0D3,False,,,,,"""Item Skeleton Summon lvl 2""",
A0DF,False,,,,,"""Item Skeleton Summon lvl 3""",
A0F5,False,,,,,"""Naix Lifesteal NEW""","""Feast - [Level 1]"""
A0F9,False,,"""F""",,"0,2","""Feast""","""Feast - [Level 1]"""
A0FJ,False,,,,,"""Maelstrom""",
A0FP,True,,"""L""",,"1,2","""linken sphere""","""Disentangle - [Level 1]"""
A0FQ,True,,"""L""",,"1,2","""Disentangle (item2)""","""Disentangle - [Level 1]"""
A0FR,False,,,,,"""75% spell""",
A0FT,False,,,,,"""Spell Damage Reduction Greater""",
A0GM,False,,,,,"""Item Int Bonus""",
A0GO,False,,,,,"""Armor (item)""",
A0GQ,False,,,,,Holy Light,
A0GR,False,,,,,"""Illusions""",
A0H2,False,,,,,"""Necronomicon Spell Damage Reduction""",
A0HB,False,,,,,"""Item Skeleton Summon lvl 1""",
A0HP,False,,,,,"""Item Hero Stat Bonus +15 all""",
A0IO,False,,,,,Item Life Regeneration,
A0IP,False,,,,,"""Item Mana Regeneration 150%""",
A0IR,False,,,,,"""Item Cooldown Reset 0 cooldown""",
A0JO,False,,,,,"""Item Move Roshan's""",
A0KB,False,,,,,"""Roshan's Item Damage Bonus (+500)""",
A0KO,True,,,,,"""Faith Effect""",
A0KP,True,,,,,"""Faith Effect""",
A0KQ,True,,,,,"""Faith Effect""",
A0KR,True,,,,,"""Faith Effect""",
A0KS,False,,,,,Item Hero Stat Bonus,
A0L1,False,,,,,"""Item Attack Speed 3%""",
A0L4,False,,"""T""",,"2,2","""Mute""","""Mute - [Level 1]"""
A0L5,False,,,,,Spell Shield,
A0L9,False,,,,,"""Faith Effect""",
A0LU,False,,,,,"""Chen Spell Damage Reduction""",
A0LX,False,,,,,"""Chen - Staff of Persv on Hero""",
A0LY,True,,,,,"""Chen - Staff of Persv on Units""",
A0M6,False,,,,,"""Item Agility Bonus""",
A0M7,False,,,,,"""Item Strength Bonus""",
A0MB,False,R,"""R""",,"3,2","""Permanent Invisibility""","""Permanent Invisibility - [Level 1]"""
A0MK,False,,"""B""",,"3,2","""Borrowed Time""","""Borrowed Time - [Level 1]"""
A0MR,False,,,,,"""Mekansm Aura""",
A0MZ,False,,,,,Chest of Gold,
A0N2,False,,,,,"""Item Int Bonus""",
A0N3,False,,,,,"""Item Int Bonus""",
A0N4,False,,,,,"""Item Int Bonus""",
A0N5,False,,"""F""",,"2,2","""Static Field""","""Static Field - [Level 1]"""
A0N9,False,,,,,"""Haunt Helper""",
A0NA,False,,"""I""",,"2,2","""Dispersion""","""Dispersion - [Level 1]"""
A0NZ,True,,,,,"""Beast Rage""",
A0G8,False,R,"""R""",,"3,2","""Replicate""","""Replicate - [Level 1]"""
A0FC,False,,,,,"""Crit 15%""",
A0GN,False,,,,,"""Morphling Bug Fix""",
A079,False,,,,,"""Gold Rune""",
A0FO,False,,,,,"""Bottle Regen""",
A0G3,False,,,,,"""Item Life bonus""",
A0HD,False,,,,,"""Item Attack Speed """,
A0I8,False,,"""T""",,"2,2","""Strygwyr's Thirst""","""Strygwyr's Thirst - [Level 1]"""
A0IA,False,,,,,Item Mana Regeneration,
A0IE,False,,,,,"""Orchid Intel Stat Bonus""",
A0IG,False,,,,,"""Ares' Resistance""",
A0II,False,,,,,"""Mask of Madness Life Steal""",
A0JG,False,,,,,"""Item Agility Bonus""",
A0JH,False,,,,,"""Mjollnir""",
A0JR,False,,,,,"""Heart Booster""",
A0K0,False,,,,,"""Cheese""",
A0K1,False,,,,,"""Item Life bonus (+300)""",
A0K7,False,,,,,"""Arcane Ring""",
A0K8,False,,,,,"""Planeswalker's Cloak""",
A0KC,False,,,,,"""Vladmir's Offering (mana)""",
A0KN,False,,,,,"""Vladmir's Offering (armor)""",
A0P7,False,,,,,"""Scepter (QOP)""",
A0P8,False,,,,,"""Scepter (Rhasta)""",
A0P9,False,,,,,"""Scepter (Ogre Magi)""",
A0PA,False,,,,,"""Scepter (Lion)""",
A0PB,False,,,,,"""Scepter (Pugna)""",
A0PC,False,,,,,"""Scepter (Lina)""",
A0PD,False,,,,,"""Scepter (KOTL)""",
A0PE,False,,,,,"""Scepter (Lich)""",
A0PF,False,,,,,"""Scepter (Zeus)""",
A0PH,False,T,"""T""",,"3,2","""Satanic""","""Insatiable Hunger - [Level 1]"""
A0PI,False,,,,,"""Item Agility Bonus""",
A0PJ,False,,,,,"""Item Attack Speed 30%""",
A0PK,False,,,,,"""Item Damage Bonus (+30)""",
A0PM,False,,,,,"""Hero Glow""",
A0PO,False,,,,,"""Magebane Trident""",
A0PP,False,,,,,"""Item Hero Stat Bonus +10 agi/int""",
A0PQ,False,,,,,"""Crit""",
A0PS,False,,,,,Item Life Regeneration,
A0PT,False,,,,,Spell Damage Reduction,
A0PU,False,,,,,Item Life Regeneration,
A0PW,False,,,,,Spell Damage Reduction,
A0PX,False,,,,,"""Devotion Aura""",
A0Q0,False,,,,,"""Vladmir Damage""",
A0Q3,False,,,,,"""Item Attack Speed 40%""",
A0Q5,False,,,,,"""Assault Cuirass""",
A0Q8,False,,,,,"""Scepter (CM1)""",
A0Q9,False,,,,,"""Scepter (CM2)""",
A0QA,False,,,,,"""Scepter (CM3)""",
A0QC,False,,,,,"""Scepter (Lucifer1)""",
A0QI,False,,,,,"""Surge Buff""",
A0QL,True,C,"""C""",,"1,2","""Wall of Replicate Image""",
A0QZ,False,,,,,Item Attack Speed Bonus,
A0RF,False,,,,,"""Refraction Damage Bonus""",
A0RR,True,,,,,"""Berserker's Blood Damage Bonus""",
A0RS,True,,,,,"""Berserker's Blood Attack Speed""",
A0S4,False,,,,,"""Maim""",Slow
A0FY,False,,,,,"""Magic Immunity Container""",
A0SH,False,,,,,Item Hero Stat Bonus,
A0SL,False,,,,,Item Life Regeneration,
A0SO,False,,,,,"""BIGHAND1""",
A0SR,False,,,,,"""Rage Attack Speed""",
A0ST,False,,,,,"""Magic Immunity Container""",
A0T1,False,,,,,Item Attack Speed Bonus,
A0T2,False,R,"""R""",,"0,2","""Rage""","""Rage - [Level 1]"""
A0T3,False,,,,,Item Attack Speed Bonus,
A0T4,False,,,,,"""ICEARMORNEW""",
A0T5,False,,,,,"""BIGHAND1New""",
A0T6,False,,,,,"""BIGHAND2New""",
A0T7,False,,,,,"""BIGHAND1New""",
A0T8,False,,,,,"""BIGHAND2New""",
A0T9,False,,,,,"""ICEARMORNEW (NEW)""",
A0TA,False,,,,,"""Item Damage Bonus (+33)""",
A0TC,False,,,,,Item Attack Speed Bonus,
A0TE,False,,,,,"""Orchid Spell Book""",
A0TF,False,,,,,Item Hero Stat Bonus,
A0TG,False,,,,,Item Hero Stat Bonus,
A0TJ,False,,,,,"""BIGHAND2""",
A0TK,False,,,,,"""Aghanims Spell Book""",
A0TN,False,,,,,"""Aghanim's Scepter (KOTL)""",
A0TP,False,,,,,"""Aghanim's Scepter (Lina)""",
A0TR,False,,,,,"""Aghanim's Scepter (Lion)""",
A0TS,False,,,,,"""Aghanim's Scepter (Ogre)""",
A0TV,False,,,,,"""Aghanim's Scepter (Pugna)""",
A0TX,False,,,,,"""Aghanim's Scepter (QoP)""",
A0TZ,False,,,,,"""Aghanim's Scepter (Rhasta)""",
A0U1,False,,,,,"""Aghanim's Scepter (Zeus)""",
A0U3,False,,,,,"""Aghanim's Scepter (Rylai)""",
A0U5,False,,,,,"""Aghanim's Scepter (Lich)""",
A0U7,False,,,,,"""Aghanim's Scepter (Leshrac)""",
A0U9,False,,,,,"""Aghanim's Scepter (Furion)""",
A0UB,False,,,,,"""Aghanim's Scepter (Veno)""",
A0UD,False,,,,,"""Aghanim's Scepter (Necro)""",
A0UF,False,,,,,"""Aghanim's Scepter (Luna)""",
A0UH,False,,,,,"""Aghanim's Scepter (Witch Doctor)""",
A0UJ,False,,,,,"""Aghanim's Scepter (Lucifer)""",
A0UK,False,,,,,"""Armlet Effect""",
A0UT,False,,,,,"""FrogSphere""",
A0UU,True,,"""L""",,"1,2","""Invoker Sphere""",""""""
A0UV,False,,,,,"""Crit 100%""",
A0UW,False,,,,,"""Item Move faster (max)""",
A0UX,False,,,,,"""Item Mana Regen 200""",
A0UY,False,,,,,"""Item Mana Regen 75""",
A0V0,True,,,,,"""Euls movement""",
A0V1,False,,,,,"""Item Int Bonus""",
A0V2,False,,,,,"""Item Mana Regen 250""",
A0V3,False,,,,,"""Item Mana Regen 225""",
A0V6,True,,,,,"""Quas - 13""",
A0V7,True,,,,,"""Exort - Effect""",
A0VE,True,,,,,"""Wex - AS""",
A0WD,True,,,,,"""Wex - MS Book""",
A0WO,True,,,,,"""God's Strength Container""",
A0WR,True,,,,,"""Insatiable Hunger Container""",
A0WS,True,,,,,"""Insatiable Hunger - Damage Level 3""",
A0WT,True,,,,,"""Insatiable Hunger - Damage Level 2""",
A0WU,True,,,,,"""Insatiable Hunger - Damage Level 1""",
A0X0,False,,,,,Item Damage Bonus,
A0X1,False,,,,,"""Item Agility Bonus""",
A0X2,False,,,,,"""Quilbeast Spell Damage Reduction""",
A0X8,False,,,,,Item Hero Stat Bonus,
A0X9,False,,,,,"""Guinsoo Stat Bonus""",
A0XC,False,,,,,"""Item Life Steal 40%""",
A0XE,True,,,,,"""Rampage Container""",
A0XJ,False,,,,,"""Rampage Effect""",
A0XK,True,C,,,,"""Invoke Tornado Cyclone""",Cyclone
A0XO,True,,,,,"""Quas - Regen Book""",
A0XP,True,,,,,"""Quas - 21""",
A0XQ,True,,,,,"""Quas - 4""",
A0XR,True,,,,,"""Quas - 20""",
A0XS,True,,,,,"""Quas - 8""",
A0XT,True,,,,,"""Quas - 7""",
A0XU,True,,,,,"""Quas - 10""",
A0XV,True,,,,,"""Quas - 15""",
A0XW,True,,,,,"""Quas - 17""",
A0XX,True,,,,,"""Quas - 16""",
A0XY,True,,,,,"""Quas - 2""",
A0XZ,True,,,,,"""Quas - 5""",
A0Y0,True,,,,,"""Quas - 6""",
A0Y1,True,,,,,"""Quas - 12""",
A0Y2,True,,,,,"""Quas - 18""",
A0Y3,True,,,,,"""Quas - 11""",
A0Y4,True,,,,,"""Quas - 9""",
A0Y5,True,,,,,"""Quas - 19""",
A0Y6,True,,,,,"""Quas - 3""",
A0Y7,True,,,,,"""Quas - 14""",
A0Y8,True,,,,,"""Quas - 1""",
A0VJ,True,,,,,"""Invoke 1""",
A0VX,False,,"""V""",,"2,2","""Gravekeeper's Cloak""","""Gravekeeper's Cloak  - [Level 1]"""
A0VY,False,,"""T""",,"1,2","""Soul Assumption""","""Soul Assumption - [Level 1]"""
A0XM,True,,,,,"""Soul Assumption - Effect""",
A0YN,False,,,,,Item Attack Speed Bonus,
A0LR,False,,,,,"""Soul Assumption FX Level 1""",
A0MD,False,,,,,"""Soul Assumption FX Level 6""",
A0NF,False,,,,,"""Soul Assumption FX Level 5""",
A0OG,False,,,,,"""Soul Assumption FX Level 3""",
A0YO,False,,,,,"""Soul Assumption FX Level 4""",
A0YP,False,,,,,"""Soul Assumption FX Level 2""",
A0YS,False,,,,,"""Item Agility Bonus""",
A0ZE,True,,,,,"""Feral Heart Damage Container""",
A0ZK,False,,,,,"""Lycan Damage - Hero - 3""",
A0ZL,False,,,,,"""Lycan Damage - Hero - 1""",
A0ZM,False,,,,,"""Lycan Damage - Hero - 2""",
A0ZN,False,,,,,"""Lycan Damage - Hero - 4""",
A0ZO,False,,,,,"""Lycan Damage - Hero - 2 (negative)""",
A0ZP,False,,,,,"""Lycan Damage - Hero - 3 (negative)""",
A0ZQ,False,,,,,"""Lycan Damage - Hero - 1 (negative)""",
A0ZR,False,,,,,"""Lycan Damage - Hero - 4 (negative)""",
A0ZT,False,,,,,"""Lycan Damage - Creep - 1""",
A0ZU,False,,,,,"""Lycan Damage - Creep - 2""",
A0ZV,False,,,,,"""Lycan Damage - Creep - 3""",
A0ZW,False,,,,,"""Lycan Damage - Creep - 4""",
A0ZX,False,,,,,"""Lycan Damage - Creep - 4 (negative)""",
A0ZY,False,,,,,"""Lycan Damage - Creep - 3 (negative)""",
A0ZZ,False,,,,,"""Lycan Damage - Creep - 1 (negative)""",
A100,False,,,,,"""Lycan Damage - Creep - 2 (negative)""",
A109,True,,,,,"""Alacrity Damage Bonus""",
A10F,True,,,,,"""Spirit Lance Image lvl 4""",
A10G,True,,,,,"""Spirit Lance Image lvl 2""",
A10H,True,,,,,"""Spirit Lance Image lvl 1""",
A10I,True,,,,,"""Spirit Lance Image lvl 3""",
A116,False,,,,,"""Night Stalker FX 1""",
A117,False,,,,,"""Night Stalker FX 2""",
A11I,False,,,,,"""Undead Crown""",
A11O,False,,,,,"""Water Sword Damage""",
A11P,False,,,,,"""Ghost Ship FX 1""",
A11Q,False,,,,,"""Ghost Ship FX 2""",
A11R,False,,,,,"""Water Sword FX""",
A11U,True,,,,,"""Water Sword Container 3""",
A125,False,,,,,"""Captain CoCo's Rum FX""",
A126,True,,,,,"""Captain CoCo's Rum Container""",
A129,False,,,,,"""Fear of the Dark - Vision""",
A12C,True,,,,,"""Fear of the Dark Container""",
A12H,False,,,,,"""Item Strength Bonus""",
A12L,True,C,,,,"""Windrunner Cyclone""",Cyclone
A12O,True,,,,,"""Windrunner Container - 2""",
A12R,True,,,,,"""Focus Fire Container""",
A12S,False,,,,,"""Focus Fire FX""",
A12T,False,,,,,"""Windrunner FX""",
A12U,False,,,,,"""Wind Arrow FX""",
A12V,False,,,,,"""Phase Boots Speed Bonus""",
A12Y,False,,,,,"""Item Damage Bonus (+14)""",
A134,True,,,,,"""Windrunner Container - 3""",
A135,True,,,,,"""Windrunner Container - 1""",
A139,True,,,,,"""Windrunner Container - 4""",
A13C,False,,,,,"""Item Damage Bonus (+16)""",
A13J,False,,,,,"""Magic Stick (old)""",
A13K,False,,,,,"""Power Treads Click Old""",
A13L,False,,,,,Item Life Regeneration,
A13M,False,,,,,"""Item Damage Bonus (+31)""",
A13N,False,,,,,"""Maim""",
A13O,False,,,,,"""Sange and Yasha""",
A13V,False,C,,,,Cyclone,Cyclone
A13W,False,C,,,,"""Torrent""",Cyclone
A13Y,False,,,,,"""Gargoyle Spell Damage Reduction Greater""",
A143,False,,,,,Item Damage Bonus,
A147,True,,,,,"""Water Sword Container 1""",
A148,True,,,,,"""Water Sword Container 2""",
A149,True,,,,,"""Water Sword Container 4""",
A14V,True,,,,,"""Death Stench Slow""",
A15I,False,,,,,"""Living Dead Spell Damage Reduction""",
A15N,True,,,,,"""Undying Aura HP Buff""",
A15M,True,,,,,"""Undying Aura HP Buff""",
A15O,True,,,,,"""Undying Aura HP Buff""",
A15P,True,,,,,"""Undying Aura HP Buff""",
A15Q,True,,,,,"""Undying Aura HP Buff""",
A15R,True,,,,,"""Undying Aura HP Buff""",
A15U,True,,,,,"""Death Stench Slow""",
A160,True,,,,,"""Flesh Golem HP - 1""",
A161,True,,,,,"""Flesh Golem HP - 13""",
A162,True,,,,,"""Flesh Golem HP - 6""",
A163,True,,,,,"""Flesh Golem HP - 2""",
A164,True,,,,,"""Flesh Golem HP - 20""",
A165,True,,,,,"""Flesh Golem HP - 23""",
A166,True,,,,,"""Flesh Golem HP - 12""",
A167,True,,,,,"""Flesh Golem HP - 1""",
A168,True,,,,,"""Flesh Golem HP - 1""",
A169,True,,,,,"""Flesh Golem HP - 1""",
A16A,True,,,,,"""Flesh Golem HP - 21""",
A16B,True,,,,,"""Flesh Golem HP - 1""",
A16C,True,,,,,"""Flesh Golem HP - 1""",
A16D,True,,,,,"""Flesh Golem HP - 1""",
A16E,True,,,,,"""Flesh Golem HP - 1""",
A16F,True,,,,,"""Flesh Golem HP - 25""",
A16G,True,,,,,"""Flesh Golem HP - 16""",
A16H,True,,,,,"""Flesh Golem HP - 3""",
A16I,True,,,,,"""Flesh Golem HP - 8""",
A16J,True,,,,,"""Flesh Golem HP - 9""",
A16K,True,,,,,"""Flesh Golem HP - 10""",
A16L,True,,,,,"""Flesh Golem HP - 19""",
A16M,True,,,,,"""Flesh Golem HP - 14""",
A16N,True,,,,,"""Flesh Golem HP - 11""",
A16O,True,,,,,"""Flesh Golem HP - 1""",
A16P,True,,,,,"""Flesh Golem HP - 1""",
A16Q,True,,,,,"""Flesh Golem HP - 5""",
A16R,True,,,,,"""Flesh Golem HP - 7""",
A16S,True,,,,,"""Flesh Golem HP - 1""",
A16T,True,,,,,"""Flesh Golem HP - 15""",
A16U,True,,,,,"""Flesh Golem HP - 17""",
A16V,True,,,,,"""Flesh Golem HP - 18""",
A16W,True,,,,,"""Flesh Golem HP - 22""",
A16X,True,,,,,"""Flesh Golem HP - 24""",
A16Y,True,,,,,"""Flesh Golem HP - 4""",
A16Z,True,,,,,"""Flesh Golem HP - 1""",
A171,False,,,,,"""Item Damage Bonus (+80)""",
A172,False,,,,,"""Item Damage Bonus (+75)""",
A174,True,,,,,"""Cranium Basher Container""",
A175,False,,,,,"""Cranium Basher""",
A17A,True,,,,,"""Plague Aura Container""",
A17C,True,,,,,"""Damage Bonus System - 8""",
A17D,True,,,,,"""Damage Bonus System - 16""",
A17E,True,,,,,"""Damage Bonus System - 32""",
A17F,True,,,,,"""Damage Bonus System - 1""",
A17G,True,,,,,"""Damage Bonus System - 2""",
A17H,True,,,,,"""Damage Bonus System - 4""",
A17I,True,,,,,"""Damage Bonus System - 128""",
A17J,True,,,,,"""Damage Bonus System - 64""",
A17L,True,,,,,"""Damage Bonus System - 256""",
A17Q,False,,,,,"""Item Agility Bonus""",
A186,False,,,,,Spell Shield,
A187,False,,,,,"""Item Strength Bonus""",
A18P,True,,,,,"""Unholy Fervor Container""",
A1A2,False,,,,,Spell Shield,
A1AG,False,,,,,"""Item Hero Stat Bonus Leveler""",
A1AL,False,,,,,"""Spell Damage Reduction Lightning Sentry""",
A1AM,True,,,,,"""Lightning Sentry Container""",
A1AR,False,,,,,"""Scepter CM""",
A1B0,False,R,"""R""",,"3,2","""Darkness upgrade""","""Darkness - [Level 1]"""
A1B8,False,,,,,"""Aghanim's Scepter (Sniper)""",
A1B9,False,,,,,"""Aghanim's Scepter (Clockwerk)""",
A1BA,False,,,,,"""Aghanim's Scepter (Vengeful Spirit)""",
A1BB,False,,,,,"""Aghanim's Scepter (Juggernaut)""",
A1BC,False,,,,,"""Aghanim's Scepter (Sand King)""",
A1BD,False,,,,,"""Aghanim's Scepter (Invoker)""",
A1BE,False,,,,,"""Aghanim's Scepter (Panda)""",
A1BF,False,,,,,"""Aghanim's Scepter (Leoric)""",
A1BG,False,,,,,"""Aghanim's Scepter (Nightstalker)""",
A1BH,False,,,,,"""Aghanim's Scepter (Chaos Knight)""",
A1BI,False,,,,,"""Aghanim's Scepter (Huskar)""",
A1BJ,False,,,,,"""Aghanim's Scepter (Jakiro)""",
A1BW,False,,,,,"""Item Damage Bonus (+20)""",
A1BZ,False,,,,,Evasion,
A1C1,False,,,,,"""Item Damage Bonus (+24)""",
A1C2,False,,,,,"""Natural Order - Spell 3""",
A1C6,False,,,,,"""Natural Order - Spell 1""",
A1C7,False,,,,,"""Natural Order - Spell 2""",
A1C8,False,,,,,"""Natural Order - Spell 4""",
A1C9,False,,,,,"""Natural Order 2""",
A1CA,False,,,,,"""Natural Order 1""",
A1CB,False,,,,,"""Natural Order 3""",
A1CC,False,,,,,"""Natural Order 4""",
A1CJ,False,,,,,"""Item Agility Bonus""",
A1CN,False,,,,,"""Item Life Steal 175%""",
A1CO,False,,,,,"""Phantom Strike""",
A1CU,False,,,,,"""Aghanim's Scepter (Chen)""",
A1CY,False,,,,,"""Aghanim's Scepter (Pudge)""",
A1CZ,False,,,,,"""Aghanim's Scepter (SB)""",
A1D0,False,,,,,"""Aghanim's Scepter (Bane)""",
A1D1,False,,,,,"""Aghanim's Scepter (Void)""",
A1D2,False,,,,,"""Aghanim's Scepter (Windrunner)""",
A1D3,False,,,,,"""Aghanim's Scepter (Abaddon)""",
A1D4,False,,,,,"""Aghanim's Scepter (Dazzle)""",
A1DQ,True,,,,,"""Static Link Damage Positive 2""",
A1DR,True,,,,,"""Static Link Damage Positive 4""",
A1DS,True,,,,,"""Static Link Damage Positive 8""",
A1DT,True,,,,,"""Static Link Damage Positive 16""",
A1DU,True,,,,,"""Static Link Damage Positive 32""",
A1DV,True,,,,,"""Static Link Damage Positive 1""",
A1DW,True,,,,,"""Static Link Damage Positive 64""",
A1DX,True,,,,,"""Static Link Damage Positive 128""",
A1DY,True,,,,,"""Static Link Damage Negative 128""",
A1DZ,True,,,,,"""Static Link Damage Negative 64""",
A1E0,True,,,,,"""Static Link Damage Negative 16""",
A1E1,True,,,,,"""Static Link Damage Negative 8""",
A1E2,True,,,,,"""Static Link Damage Negative 4""",
A1E3,True,,,,,"""Static Link Damage Negative 2""",
A1E4,True,,,,,"""Static Link Damage Negative 1""",
A1E5,True,,,,,"""Static Link Damage Negative 32""",
A1EB,False,,"""K""",,"2,2","""Autofire""",
A1F3,True,,,,,"""Warcry Container - Level 3""",
A1F5,True,,,,,"""Warcry Container - Level 4""",
A1F6,True,,,,,"""Warcry Container - Level 1""",
A1F7,True,,,,,"""Warcry Container - Level 2""",
A1FC,False,,,,,"""Autofire FX""",
A1FE,False,,,,,"""Warcry FX""",
A1FF,True,,,,,"""Liquid Fire Container - 1""",
A1FG,True,,,,,"""Liquid Fire Container - 2""",
A1FH,True,,,,,"""Liquid Fire Container - 4""",
A1FI,True,,,,,"""Liquid Fire Container - 3""",
A1FQ,False,,,,,"""MKB Spell Book""",
A1FX,False,,,,,Item Hero Stat Bonus,
A1G1,False,,,,,"""Aghanim's Scepter (Techies)""",
A1G2,False,,,,,Item Attack Speed Bonus,
A1G3,False,,,,,"""Liquid Fire Slow 2""",
A1G4,False,,,,,"""Liquid Fire Slow 4""",
A1G5,False,,,,,"""Liquid Fire Slow 1""",
A1G6,False,,,,,"""Liquid Fire Slow 3""",
A1GI,True,,,,,"""Bonus Attack Speed - 128""",
A1GJ,True,,,,,"""Bonus Attack Speed - 4""",
A1GK,True,,,,,"""Bonus Attack Speed - 1""",
A1GL,True,,,,,"""Bonus Attack Speed - 2""",
A1GM,True,,,,,"""Bonus Attack Speed - 16""",
A1GN,True,,,,,"""Bonus Attack Speed - 32""",
A1GO,True,,,,,"""Bonus Attack Speed - 64""",
A1GP,True,,,,,"""Bonus Attack Speed - 8""",
A1GQ,True,,,,,"""Bonus Attack Speed - 256""",
A1GW,False,,,,,Item Life Regeneration,
A1GX,False,,,,,Item Attack Speed Bonus,
A1GY,False,,,,,"""Item Damage Bonus (+10)""",
A1H3,False,,,,,Item Hero Stat Bonus,
A1H4,False,,,,,Item Hero Stat Bonus,
A1H6,False,,,,,Item Hero Stat Bonus,
A1H7,False,,,,,Item Hero Stat Bonus,
A1H8,False,,,,,Item Hero Stat Bonus,
A1H9,False,,,,,Item Hero Stat Bonus,
A1HA,False,,,,,Item Hero Stat Bonus,
A1HB,False,,,,,"""Item Damage Bonus (+12)""",
A1HC,False,,,,,"""Item Damage Bonus (+46)""",
A1HE,False,,,,,Item Attack Speed Bonus,
A1HF,False,,,,,Item Hero Stat Bonus,
A1HG,False,,,,,"""Item Damage Bonus (+26)""",
A1HI,False,,,,,"""Item Damage Bonus (+45)""",
A1HJ,False,,,,,"""Item Strength Bonus""",
A1HK,False,,,,,"""Item Strength Bonus""",
A1HZ,False,,,,,"""Ice Vortex 1""",
A1I0,False,,,,,"""Ice Vortex - Spell 3""",
A1I1,False,,,,,"""Ice Vortex - Spell 2""",
A1I2,False,,,,,"""Ice Vortex - Spell 1""",
A1I3,False,,,,,"""Ice Vortex 3""",
A1I4,False,,,,,"""Ice Vortex 2""",
A1I5,False,,,,,"""Ice Vortex - Spell 4""",
A1I6,False,,,,,"""Ice Vortex 4""",
A1I7,False,,,,,"""Nightcrawler FX""",
A1IE,True,,,,,"""Nightcrawler Container - 1""",
A1IF,True,,,,,"""Nightcrawler Container - 2""",
A1IG,True,,,,,"""Nightcrawler Container - 3""",
A1IR,False,,,,,"""Jinada Damage""",
A1IS,False,,,,,"""Jinada FX""",
A1IU,True,,,,,"""Jinada Container - 4""",
A1IW,False,,,,,"""Jinada Maim""",
A1IY,False,,,,,"""PhantasmStrike Helper""",
A1J3,True,,,,,"""Jinada Container - 2""",
A1J4,True,,,,,"""Jinada Container - 1""",
A1J5,True,,,,,"""Jinada Container - 3""",
A1J6,False,,,,,"""Pounce FX""",
A1K1,False,,,,,"""IceShell Book - 2,1""",
A1KP,False,,,,,"""IceShell Book - 1,4""",
A1KQ,False,,,,,"""IceShell Book - 1,3""",
A1KR,False,,,,,"""IceShell Book - 1,1""",
A1KS,False,,,,,"""IceShell Book - 1,2""",
A1KT,False,,,,,"""IceShell Book - 2,6""",
A1KU,False,,,,,"""IceShell Book - 1,5""",
A1KV,False,,,,,"""IceShell Book - 1,6""",
A1KW,False,,,,,"""IceShell Book - 2,2""",
A1KX,False,,,,,"""IceShell Book - 2,3""",
A1KY,False,,,,,"""IceShell Book - 2,4""",
A1KZ,False,,,,,"""IceShell Book - 2,5""",
A1L0,False,,,,,"""IceShell Book - 3,5""",
A1L1,False,,,,,"""IceShell Book - 3,4""",
A1L2,False,,,,,"""IceShell Book - 3,3""",
A1L3,False,,,,,"""IceShell Book - 3,2""",
A1L4,False,,,,,"""IceShell Book - 3,1""",
A1L5,False,,,,,"""IceShell Book - 3,6""",
A1L6,False,,,,,"""IceShell Book - 4,6""",
A1L7,False,,,,,"""IceShell Book - 4,2""",
A1L8,False,,,,,"""IceShell Book - 4,1""",
A1L9,False,,,,,"""IceShell Book - 4,3""",
A1LA,False,,,,,"""IceShell Book - 4,5""",
A1LB,False,,,,,"""IceShell Book - 4,4""",
A1LD,True,,,,,"""Gust Container""",
A1LE,False,,,,,"""Ice Blast FX""",
A1LH,False,,,,,"""IceShell Book - 4,7""",
A1M3,False,,,,,"""IceShellEnemy Book - 1""",
A1M4,False,,,,,"""IceShellEnemy Book - 2""",
A1M5,False,,,,,"""IceShellEnemy Book - 8""",
A1M6,False,,,,,"""IceShellEnemy Book - 10""",
A1M7,False,,,,,"""IceShellEnemy Book - 4""",
A1M8,False,,,,,"""IceShellEnemy Book - 5""",
A1M9,False,,,,,"""IceShellEnemy Book - 6""",
A1MA,False,,,,,"""IceShellEnemy Book - 7""",
A1MB,False,,,,,"""IceShellEnemy Book - 9""",
A1MC,False,,,,,"""IceShellEnemy Book - 3""",
A1LT,False,,,,,"""IceShellEnemy - Magic 1""",
A1LU,False,,,,,"""IceShellEnemy - Magic 2""",
A1LV,False,,,,,"""IceShellEnemy - Magic 3""",
A1LW,False,,,,,"""IceShellEnemy - Magic 5""",
A1LX,False,,,,,"""IceShellEnemy - Magic 6""",
A1LY,False,,,,,"""IceShellEnemy - Magic 9""",
A1LZ,False,,,,,"""IceShellEnemy - Magic 8""",
A1M0,False,,,,,"""IceShellEnemy - Magic 7""",
A1M1,False,,,,,"""IceShellEnemy - Magic 4""",
A1M2,False,,,,,"""IceShellEnemy - Magic 10""",
A1ML,False,,,,,"""Wand of Illusion""",
A1MM,False,,,,,"""Staff of Healing""",
A1MT,False,,,,,"""Aghanim's Scepter (Axe)""",
A1MU,False,,,,,"""Aghanim's Scepter (Nevermore)""",
A1MX,False,,,,,"""Aghanim's Scepter (Batrider)""",
A1N0,False,,,,,"""Aghanim's Scepter (Earthshaker)""",
A1N3,True,,,,,"""Overpower""",
A1N5,False,,,,,"""Overpower FX""",
A1N6,True,,,,,"""Overpower Container""",
A1NJ,False,,,,,"""Soul Assumption FX Level Final""",
A1NP,False,,"""I""",,"2,2","""Spirit Echo""","""Spirit Echo - [Level 1]"""
A1IP,False,,,,,"""Chilling Touch""",
A1J8,False,,,,,"""Spell Damage Reduction Greater 50%""",
A1NQ,False,,,,,"""Scepter (Luna)""",
A1NR,False,,,,,"""Scepter (Vengeful Spirit)""",
A1NS,False,,,,,"""Scepter (Huskar)""",
A1NV,False,,,,,"""Spell Damage Reduction FULL""",
A1NW,False,,,,,"""Scepter (Leshrac)""",
A1NX,False,,,,,"""Scepter (Sandking)""",
A1N9,False,,"""T""",,"1,1","""Soul Assumption""","""Soul Assumption"""
A1NY,False,,"""T""",,"1,1","""Soul Assumption""","""Soul Assumption"""
A1NZ,False,,"""T""",,"1,1","""Soul Assumption""","""Soul Assumption"""
A1O0,False,,"""T""",,"1,1","""Soul Assumption""","""Soul Assumption"""
A1O1,False,,"""T""",,"1,1","""Soul Assumption""","""Soul Assumption"""
A1O2,False,,"""T""",,"1,1","""Soul Assumption""","""Soul Assumption"""
A1O3,False,,"""T""",,"1,1","""Soul Assumption""","""Soul Assumption"""
A1O6,False,,"""T""",,"1,1","""Soul Assumption""","""Soul Assumption"""
A1O7,False,,"""T""",,"1,1","""Soul Assumption""","""Soul Assumption"""
A1O8,False,,"""T""",,"1,1","""Soul Assumption""","""Soul Assumption"""
A1O9,False,,,,,"""Spell Damage Reduction almost FULL""",
A1OC,False,,,,,"""Scepter (Earthshaker)""",
A1OL,True,,,,,"""Scorched Earth Container - 1""",
A1OM,True,,,,,"""Scorched Earth Container - 4""",
A1ON,True,,,,,"""Scorched Earth Container - 2""",
A1OO,True,,,,,"""Scorched Earth Container - 3""",
A1P7,False,,,,"1,1","""Frost Attack (Lucy)""",
A1PA,False,,,,"1,1","""Frost Attack""","""Frost Attack"""
A1PV,False,,,,,"""Capture Point - Ability HP 3a""",
A1PB,False,,,,,"""Capture Point - Ability HP 3a - Creeps""",
A1PD,False,,,,,"""Capture Point - Ability HP 3b""",
A1PW,False,,,,,"""Capture Point - Ability HP 3b - Creeps""",
A1Q0,True,,,,,"""Empower Cleave Container 1""",
A1Q1,True,,,,,"""Empower Cleave Container 2""",
A1Q2,True,,,,,"""Empower Cleave Container 3""",
A1Q3,True,,,,,"""Empower Cleave Container 4""",
A1Q6,False,,,,,"""Skewer Maim""",
A1QA,False,,,,,"""Ethereal Blade Stats""",
A1QC,True,,,,,"""Etherblast Container""",
A1QE,True,,,,,"""HP Bonus System - 1""",
A1QF,True,,,,,"""HP Bonus System - 2""",
A1QG,True,,,,,"""HP Bonus System - 512""",
A1QH,True,,,,,"""HP Bonus System - 32""",
A1QI,True,,,,,"""HP Bonus System - 4""",
A1QJ,True,,,,,"""HP Bonus System - 16""",
A1QK,True,,,,,"""HP Bonus System - 8""",
A1QM,True,,,,,"""HP Bonus System - 256""",
A1QN,True,,,,,"""HP Bonus System - 128""",
A1QO,True,,,,,"""HP Bonus System - 64""",
A1QQ,True,,,,,"""HP Bonus System - 1024""",
A1QL,False,,,,,"""Scepter (Jugg)""",
A1QS,False,,,,,"""Aghanim's Scepter (Puck)""",
A1QT,True,,,,,"""Jinada Container - Main""",
A1R1,False,,,,,"""Scepter (VS)""",
A1R2,False,,,,,"""Scepter (Invoker)""",
A1R3,False,,,,,"""Scepter (Void)""",
A1R6,False,,,,,"""Windrunner""",
A1R7,False,,,,,"""Goblin Techies""",
A1R8,False,,,,,"""Bane Elemental""",
A1R9,False,,,,,"""Necrolyte""",
A1RG,False,,,,,"""Puck Effect""",
A1RH,False,,,,,"""Puck Effect""",
A1RL,False,C,,,,"""Phoenix Cyclone""",Cyclone
A1RV,False,,,,,"""Phoenix Smash 4""",
A1RW,False,,,,,"""Phoenix Smash 2""",
A1RX,False,,,,,"""Phoenix Smash 1""",
A1RY,False,,,,,"""Phoenix Smash 3""",
A1S5,False,,,,,"""Disruption Illusion""",
A1SD,False,,,,,"""Burst 1""",
A1SL,False,,,,,"""Snowball 3""",
A1SS,True,,,,,"""CallDown Container 1""",
A1T4,True,,,,,"""CallDown Container 2""",
A1T6,False,,,,,"""Eclipse Time Of Day""",
A1TC,True,,,,,"""Overcharge Bonus Damage - 1""",
A1TD,True,,,,,"""Overcharge Bonus Damage - 4""",
A1TE,True,,,,,"""Overcharge Bonus Damage - 3""",
A1TF,True,,,,,"""Overcharge Bonus Damage - 2""",
A1TG,True,,,,,"""Tether Container - Level 3""",
A1TH,True,,,,,"""Tether Container - Level 1""",
A1TI,True,,,,,"""Tether Container - Level 2""",
A1TJ,True,,,,,"""Tether Container - Level 4""",
A1TP,True,,,,,"""Overcharge Container - 4""",
A1TQ,False,,,,,"""Overcharge FX""",
A1TR,True,,,,,"""Overcharge Container - 2""",
A1TS,True,,,,,"""Overcharge Container - 1""",
A1TT,True,,,,,"""Overcharge Container - 3""",
A1U9,False,,,,,"""Frost Sword FX""",
A1UA,True,,,,,"""Freeze Sword Container 2""",
A1UB,True,,,,,"""Freeze Sword Container 1""",
A1UC,True,,,,,"""Freeze Sword Container 3""",
A1UD,False,,,,,"""Freeze Sword Bash - 3""",
A1UE,False,,,,,"""Freeze Sword Bash - 2""",
A1UF,False,,,,,"""Freeze Sword Bash - 1""",
A1UH,True,,,,,"""Walrus Punch Container - 1""",
A1UI,True,,,,,"""Walrus Punch Container - 2""",
A1UJ,True,,,,,"""Walrus Punch Container - 3""",
A1UR,False,,,,,"""Item Life bonus (+275)""",
A1UT,False,,,,,"""Aghanim's Scepter (Warlock)""",
A1UU,False,,,,,"""Aghanim's Scepter (Razor)""",
A1UX,False,,,,,"""Scepter (Razor)""",
A1UY,False,,,,,"""Scepter (Warlock)""",
A1V1,False,,,,,"""Aghanim's Scepter (Viper)""",
A1V2,False,,,,,"""Item Damage Bonus (+81)""",
A1V3,False,,,,,"""Scepter (VS)""",
A1V4,False,,,,"1,2","""Blink (Test Version)""",
A1V5,False,,,,,"""Scepter (Witch Doctor)""",
A1VJ,False,,,,,"""Aghanim's Scepter (Tiny)""",
A1VK,True,,,,,"""Overcharge Attack Speed - 4""",
A1VL,True,,,,,"""Overcharge Attack Speed - 3""",
A1VM,True,,,,,"""Overcharge Attack Speed - 1""",
A1VN,True,,,,,"""Overcharge Attack Speed - 2""",
A1VP,False,,,,,"""Item Attack Speed 35%""",
A1VR,False,,,,,"""Arcane Boots Speed Bonus""",
A1VS,True,,,,,"""Hellfire Blast Container 1""",
A1VY,False,,,,,"""Aghanim's Scepter (Obsidian Destroyer)""",
A1VZ,False,,,,,"""Scepter (Destroyer)""",
A1W1,True,,,,,"""Warclub Cleave Container""",
A1W3,True,,,,,"""Battle Hunger Container 1""",
A1W6,False,,,,,"""Poison Nova FX""",
A1W7,True,,,,,"""Poison Nova Container""",
A1WA,False,,,,,"""Sapphire Water Temp""",
A1WD,False,,,,,"""Aghanim's Scepter (Enchantress)""",
A1WJ,False,,,,,Item Hero Stat Bonus,
A1WK,False,,,,,Item Hero Stat Bonus,
A1WL,False,,,,,Item Hero Stat Bonus,
A1WM,False,,,,,Item Hero Stat Bonus,
A1WN,False,,,,,Item Hero Stat Bonus,
A1WO,True,,,,,"""Ring of Basilius Container""",
A1WP,True,,,,,"""Captain CoCo's Rum Container""",
A1WW,False,,,,,"""Spirit Bear Spell Damage Reduction - 1""",
A1WX,False,,,,,"""Spirit Bear Spell Damage Reduction - 4""",
A1WY,False,,,,,"""Spirit Bear Spell Damage Reduction - 2""",
A1WZ,False,,,,,"""Spirit Bear Spell Damage Reduction - 3""",
A1X1,False,,,,,"""Scepter (Enchantress 1)""",
A1X2,False,,,,,"""Scepter (Enchantress 2)""",
A1X3,False,,,,,"""Item Damage Bonus (+88)""",
A1YB,False,,,,,"""Item Int Bonus""",
A1YC,False,,,,,"""Item Int Bonus""",
A1YD,False,,,,,"""Item Int Bonus""",
A1YE,False,,,,,"""Item Int Bonus""",
A1YG,False,,,,,"""Item Phoenix Bonus""",
A1YJ,False,,,,,"""Item Hero Stat Bonus Phoenix""",
A1YK,False,,,,,"""Crit 75%""",
A1YL,False,,,,,"""Bash Phoenix""",
A1Z0,True,,,,,"""Walrus Punch Container - 4""",
A1Z4,False,,,,,"""Sun Ray Maim - 1""",
A1Z9,False,,,,,"""Sun Ray Maim - 4""",
A1ZA,False,,,,,"""Sun Ray Maim - 2""",
A1ZB,False,,,,,"""Sun Ray Maim - 3""",
A1ZH,True,,,,,"""Medallion of Courage Container""",
A1ZQ,False,,,,,Item Hero Stat Bonus,
A1ZR,False,,,,,Item Hero Stat Bonus,
A1ZU,False,,,,,"""Item Hero Stat Bonus +9 all""",
A1ZV,False,,,,,"""Item Damage Bonus (+9)""",
A1ZW,False,,,,,"""Ancient Jangoo""",
A1ZX,True,,,,,"""Ancient Jangoo Container""",
A1ZZ,False,,,,,"""Ancient Jangoo FX""",
A204,False,,,,,"""Walrus Punch""",
A206,False,,,,,"""Smoke of Deceit""",
A207,False,,,,,"""Crit 20%""",
A20D,False,,,,,"""Snowball 4""",
A20E,False,,,,,"""Snowball 2""",
A20F,False,,,,,"""Snowball 1""",
A20H,True,,,,,"""Snowstorm Container 1""",
A20I,True,,,,,"""Snowstorm Container 3""",
A20J,True,,,,,"""Snowstorm Container 2""",
A20K,True,,,,,"""Snowstorm Container 4""",
A20P,True,,,,,"""Smoke of Deceit Container""",
A20S,True,,,,,"""Smoke of Deceit Container""",
A20V,False,,,,,"""Scepter (Chen)""",
A210,False,,,,,"""Thirst Book 1""",
A211,False,,,,,"""Thirst Book 2""",
A212,False,,,,,"""Thirst Book 3""",
A213,False,,,,,"""Thirst Book 4""",
A214,False,,,,,"""Thirst FX""",
A219,True,,,,,"""Blur Container 3""",
A21A,True,,,,,"""Blur Container 4""",
A21B,True,,,,,"""Blur Container 2""",
A21C,True,,,,,"""Blur Container 1""",
A21S,False,,,,,"""Aghanim's Scepter (Dark Seer)""",
A21T,False,,,,,"""Sunray Spell Amp""",
A21Z,False,,,,,"""Scepter (Dark Seer)""",
A220,False,,,,,"""Scepter (Clockwerk)""",
A221,False,,,,,"""Enfeeble Damage 1""",
A222,False,,,,,"""Enfeeble Damage 4""",
A223,False,,,,,"""Enfeeble Damage 2""",
A224,False,,,,,"""Enfeeble Damage 3""",
A228,True,,,,,"""Anchor Smash Container""",
A22M,False,,,,,"""Icy Path Slow Book 7""",
A22N,False,,,,,"""Icy Path Slow Book 6""",
A22O,False,,,,,"""Icy Path Slow Book 4""",
A22P,False,,,,,"""Icy Path Slow Book 3""",
A22Q,False,,,,,"""Icy Path Slow Book 2""",
A22R,False,,,,,"""Icy Path Slow Book 1""",
A22S,False,,,,,"""Icy Path Slow Book 5""",
A237,False,,,,,"""Aghanim's Scepter (Gyrocopter)""",
A23E,False,,,,,"""Scepter (Gyrocopter)""",
A23F,False,,,,,"""Split Shot Spell Book""",
A23O,False,,,,,"""Nature's Guise Spell Book""",
A23T,False,,,,,"""Corrosive Skin FX""",
A23U,True,,,,,"""Corrosive Skin Container - Level 2""",
A23V,True,,,,,"""Corrosive Skin Container - Level 3""",
A23W,True,,,,,"""Corrosive Skin Container - Level 1""",
A23X,True,,,,,"""Corrosive Skin Container - Level 4""",
A23Z,False,,,,,"""Water Spray FX""",
A244,True,,,,,"""Water Spray - Level 1""",
A245,True,,,,,"""Water Spray - Level 2""",
A246,True,,,,,"""Water Spray - Level 3""",
A247,True,,,,,"""Water Spray - Level 4""",
A249,False,,,,,"""Spiritbash Helper""",
A24F,False,,,,,"""Fortify Spell Damage Reduction""",
A24H,True,,,,,"""Spiritbash Container""",
A24K,False,C,"""C""",,"1,2","""Reflection Image""","""Conjure Image - [Level 1]"""
A24P,True,,,,,"""Sentinel Container""",
A24X,True,,,,,"""Demonic Clutch Container 3""",
A24Y,True,,,,,"""Demonic Clutch Container 5""",
A24Z,True,,,,,"""Demonic Clutch Container 1""",
A250,True,,,,,"""Demonic Clutch Container 2""",
A251,True,,,,,"""Demonic Clutch Container 4""",
A257,False,,,,,"""Corpse Collector - Regen 5""",
A258,False,,,,,"""Corpse Collector - Regen 4""",
A259,False,,,,,"""Corpse Collector - Regen 7""",
A25A,False,,,,,"""Corpse Collector - Regen 3""",
A25B,False,,,,,"""Corpse Collector - Regen 10""",
A25C,False,,,,,"""Corpse Collector - Regen 9""",
A25D,False,,,,,"""Corpse Collector - Regen 2""",
A25E,False,,,,,"""Corpse Collector - Regen 1""",
A25F,False,,,,,"""Corpse Collector - Regen 6""",
A25G,False,,,,,"""Corpse Collector - Regen 8""",
A25R,True,,,,,"""Corpse Collector Container 8""",
A25S,True,,,,,"""Corpse Collector Container 7""",
A25T,True,,,,,"""Corpse Collector Container 4""",
A25U,True,,,,,"""Corpse Collector Container 6""",
A25V,True,,,,,"""Corpse Collector Container 5""",
A25W,True,,,,,"""Corpse Collector Container 9""",
A25X,True,,,,,"""Corpse Collector Container 1""",
A25Y,True,,,,,"""Corpse Collector Container 2""",
A25Z,True,,,,,"""Corpse Collector Container 3""",
A260,True,,,,,"""Corpse Collector Container 10""",
A265,True,,,,,"""Sange and Yasha Slow Container""",
A266,True,,,,,"""Sange Slow Container""",
A26A,False,,,,,"""Gem Visual Real""",
A26B,False,,,,,"""Gem Visual Fake""",
A26C,False,,,,,"""Sange Visual Effect""",
A26U,False,,,,,"""Soul Steal FX""",
A26V,True,,,,,"""Soulsteal Container - Level 2""",
A26W,True,,,,,"""Soulsteal Container - Level 4""",
A26X,True,,,,,"""Soulsteal Container - Level 1""",
A26Y,True,,,,,"""Soulsteal Container - Level 3""",
A270,True,,,,,"""Crippling Wave Container""",
A273,True,,,,,"""Leech Seed Container""",
A276,False,,,,,"""Zeal Regen - 1""",
A277,False,,,,,"""Zeal Regen - 3""",
A278,False,,,,,"""Zeal Regen - 4""",
A279,False,,,,,"""Zeal Regen - 2""",
A27E,False,,,,,"""Aghanim's Scepter (Meepo)""",
A27Q,False,,,,,"""Null Field Spellbook - 2""",
A27R,False,,,,,"""Null Field Spellbook - 3""",
A27S,False,,,,,"""Null Field Spellbook - 1""",
A27T,False,,,,,"""Null Field Spellbook - 4""",
A27W,False,,,,,"""Fade Bolt Damage - 1 """,
A285,False,,,,,"""Fade Bolt Damage - 3 """,
A286,False,,,,,"""Fade Bolt Damage - 2 """,
A287,False,,,,,"""Fade Bolt Damage - 4""",
A28B,False,,,,,"""Aghanim's Scepter (Beastmaster)""",
A28C,False,,,,,Item Hero Stat Bonus,
A28F,False,,,,,"""Veil of Discord Spellbook""",
A28H,False,,,,,"""Veil of Discord FX""",
A28U,True,,,,,"""Overcharge Damage - 1""",
A28V,True,,,,,"""Overcharge Damage - 2""",
A28W,True,,,,,"""Overcharge Damage - 3""",
A28X,True,,,,,"""Overcharge Damage - 4""",
A28Z,False,,,,,"""Fade Bolt Damage Creeps - 2""",
A290,False,,,,,"""Fade Bolt Damage Creeps - 4""",
A291,False,,,,,"""Fade Bolt Damage Creeps - 1 """,
A292,False,,,,,"""Fade Bolt Damage Creeps - 3""",
A293,False,,,,,"""Living Armor FX""",
A298,True,,,,,"""Timewalk Container - 4""",
A299,True,,,,,"""Timewalk Container - 2""",
A29A,True,,,,,"""Timewalk Container - 1""",
A29B,True,,,,,"""Timewalk Container - 3""",
A29E,False,,,,,"""Beastmaster Aghanim Effect""",
A29F,False,,,,,"""Vladmir Spell Book""",
A29J,False,R,"""R""",,"3,2","""Requiem of Souls""","""Requiem of Souls - [Level 1]"""
A29N,True,,,,,"""Courier Reincarnation Container""",
A29T,True,,,,,"""Leap Smash Container Main""",
A29U,True,,,,,"""Leap Smash Container Secondary""",
A29X,False,,,,,"""Spell Shield Retaliation""",
A29Z,True,,,,,"""Rend Passive - 2""",
A2A0,True,,,,,"""Rend Passive - 1""",
A2A1,True,,,,,"""Rend Passive - 3""",
A2A2,True,,,,,"""Rend Active - 1""",
A2A3,True,,,,,"""Rend Active - 2""",
A2A4,True,,,,,"""Rend Active - 3""",
A2A5,False,,,,,"""Rend Lifesteal""",
A2AC,False,,,,,"""Rend Passive FX""",
A2AD,False,,,,,"""Rend Active FX""",
A2AP,True,,,,,"""Battle Hunger MS Boost Container - 6""",
A2AQ,True,,,,,"""Battle Hunger MS Boost Container - 5""",
A2AR,True,,,,,"""Battle Hunger MS Boost Container - 1""",
A2AS,True,,,,,"""Battle Hunger MS Boost Container - 2""",
A2AT,True,,,,,"""Battle Hunger MS Boost Container - 4""",
A2AU,True,,,,,"""Battle Hunger MS Boost Container - 3""",
A2B0,True,,,,,"""Wraith Magic Container 2""",
A2B1,True,,,,,"""Wraith Magic Container 3""",
A2B2,True,,,,,"""Wraith Magic Container 4""",
A2B3,True,,,,,"""Wraith Magic Container 1""",
A2B7,False,,,,,"""Miasma Reveal""",
A2BN,False,,,,,"""Amp Damage Container - 2""",
A2BO,False,,,,,"""Amp Damage Container - 3""",
A2BP,False,,,,,"""Amp Damage Container - 4""",
A2BQ,False,,,,,"""Amp Damage Container - 6""",
A2BR,False,,,,,"""Amp Damage Container - 1""",
A2BS,False,,,,,"""Amp Damage Container - 5""",
A2BY,True,,,,,"""Gallop Container - Speed 3""",
A2BZ,True,,,,,"""Gallop Container - Slow""",
A2C2,True,,,,,"""Brotherhood Bonus Damage - 2""",
A2C3,True,,,,,"""Brotherhood Bonus Damage - 1""",
A2C4,True,,,,,"""Brotherhood Bonus Damage - 8""",
A2C5,True,,,,,"""Brotherhood Bonus Damage - 16""",
A2C6,True,,,,,"""Brotherhood Bonus Damage - 128""",
A2C7,True,,,,,"""Brotherhood Bonus Damage - 4""",
A2C8,True,,,,,"""Brotherhood Bonus Damage - 32""",
A2C9,True,,,,,"""Brotherhood Bonus Damage - 64""",
A2CA,True,,,,,"""Brotherhood Bonus Attack Speed - 8""",
A2CB,True,,,,,"""Brotherhood Bonus Attack Speed - 4""",
A2CC,True,,,,,"""Brotherhood Bonus Attack Speed - 64""",
A2CD,True,,,,,"""Brotherhood Bonus Attack Speed - 2""",
A2CE,True,,,,,"""Brotherhood Bonus Attack Speed - 1""",
A2CF,True,,,,,"""Brotherhood Bonus Attack Speed - 16""",
A2CG,True,,,,,"""Brotherhood Bonus Attack Speed - 32""",
A2CH,True,,,,,"""Brotherhood Bonus Attack Speed - 128""",
A2CZ,False,,,,,"""Reactive Regeneration Bonus - 6""",
A2D0,False,,,,,"""Reactive Regeneration Bonus - 4""",
A2D1,False,,,,,"""Reactive Regeneration Bonus - 3""",
A2D2,False,,,,,"""Reactive Regeneration Bonus - 13""",
A2D3,False,,,,,"""Reactive Regeneration Bonus - 5""",
A2D4,False,,,,,"""Reactive Regeneration Bonus - 10""",
A2D5,False,,,,,"""Reactive Regeneration Bonus - 15""",
A2D6,False,,,,,"""Reactive Regeneration Bonus - 16""",
A2D7,False,,,,,"""Reactive Regeneration Bonus - 9""",
A2D8,False,,,,,"""Reactive Regeneration Bonus - 2""",
A2D9,False,,,,,"""Reactive Regeneration Bonus - 8""",
A2DA,False,,,,,"""Reactive Regeneration Bonus - 12""",
A2DB,False,,,,,"""Reactive Regeneration Bonus - 11""",
A2DC,False,,,,,"""Reactive Regeneration Bonus - 1""",
A2DD,False,,,,,"""Reactive Regeneration Bonus - 7""",
A2DE,False,,,,,"""Reactive Regeneration Bonus - 14""",
A2DF,True,,,,,"""Reactive Armor Container - 2""",
A2DG,True,,,,,"""Reactive Armor Container - 1""",
A2DH,True,,,,,"""Reactive Armor Container - 9""",
A2DI,True,,,,,"""Reactive Armor Container - 6""",
A2DJ,True,,,,,"""Reactive Armor Container - 5""",
A2DK,True,,,,,"""Reactive Armor Container - 16""",
A2DL,True,,,,,"""Reactive Armor Container - 3""",
A2DM,True,,,,,"""Reactive Armor Container - 4""",
A2DN,True,,,,,"""Reactive Armor Container - 7""",
A2DO,True,,,,,"""Reactive Armor Container - 8""",
A2DP,True,,,,,"""Reactive Armor Container - 11""",
A2DQ,True,,,,,"""Reactive Armor Container - 12""",
A2DR,True,,,,,"""Reactive Armor Container - 13""",
A2DS,True,,,,,"""Reactive Armor Container - 14""",
A2DT,True,,,,,"""Reactive Armor Container - 15""",
A2DU,True,,,,,"""Reactive Armor Container - 10""",
A2E7,True,C,"""C""",,"1,2","""Blade of the Reaper """,""""""
A2E8,True,,,,,"""Iron Boots Container""",
A2E9,False,,,,,"""Item Damage Bonus (+100)""",
A2EC,True,,,,,"""Crippling Staff Container""",
A2ED,False,,,,,"""Crippling Staff FX""",
A2EJ,True,,,,,"""Breeze Container 3""",
A2EK,True,,,,,"""Breeze Container 2""",
A2EL,True,,,,,"""Breeze Container 1""",
A2EM,True,,,,,"""Breeze Container 4""",
A2EQ,False,,,,,"""Frost Skin Mana Regen 3""",
A2ER,False,,,,,"""Frost Skin Mana Regen 2""",
A2ES,False,,,,,"""Frost Skin Mana Regen 1""",
A2ET,False,,,,,"""Frost Skin Mana Regen 4""",
A2F2,True,,,,,"""Wind Barrier Container""",
A2FC,True,,,,,"""Prevailing Winds Container Slow 2""",
A2FD,True,,,,,"""Prevailing Winds Container Slow 1""",
A2FE,True,,,,,"""Prevailing Winds Container Slow 3""",
A2FF,True,,,,,"""Prevailing Winds Container Haste 2""",
A2FG,True,,,,,"""Prevailing Winds Container Haste 1""",
A2FH,True,,,,,"""Prevailing Winds Container Haste 3""",
A2FI,False,C,,,,"""Prevailing Winds Cyclone""",Cyclone
A2FJ,False,,,,,"""Item Attack Speed 120%""",
A2FN,True,,,,,"""Focus Container""",
A2FO,False,,,,,"""Focus FX""",
A2FP,True,,,,,"""Focus Bonus Damage""",
A2FY,True,,,,,"""New Brotherhood Damage - 1""",
A2FZ,True,,,,,"""New Brotherhood Damage - 4""",
A2G0,True,,,,,"""New Brotherhood Damage - 2""",
A2G1,True,,,,,"""New Brotherhood Damage - 3""",
A2G4,False,,,,,"""Reactive Armor FX""",
A2GC,True,,,,,"""Moment of Courage Container - 4""",
A2GD,True,,,,,"""Moment of Courage Container - 1""",
A2GE,True,,,,,"""Moment of Courage Container - 2""",
A2GF,True,,,,,"""Moment of Courage Container - 3""",
A2GG,False,,,,,"""Moment of Courage FX""",
A2GH,True,,,,,"""Duel Damage Bonus System - 8""",
A2GI,True,,,,,"""Duel Damage Bonus System - 4""",
A2GJ,True,,,,,"""Duel Damage Bonus System - 2""",
A2GK,True,,,,,"""Duel Damage Bonus System - 1""",
A2GL,True,,,,,"""Duel Damage Bonus System - 128""",
A2GM,True,,,,,"""Duel Damage Bonus System - 64""",
A2GN,True,,,,,"""Duel Damage Bonus System - 16""",
A2GO,True,,,,,"""Duel Damage Bonus System - 32""",
A2GP,True,,,,,"""Duel Damage Bonus System - 256""",
A2GW,True,,,,,"""Slight of Fist Container - 4""",
A2GX,True,,,,,"""Slight of Fist Container - 1""",
A2GY,True,,,,,"""Slight of Fist Container - 2""",
A2GZ,True,,,,,"""Slight of Fist Container - 3""",
A2H7,True,,,,,"""Fire Barrier Container""",
A2H9,True,,,,,"""Slight of Fist Container - AS""",
A2HP,False,,,,,"""Item Attack Speed 180%""",
A2HR,False,,,,,"""Iron Boots Speed Bonus""",
A2HX,True,,,,,"""Arcane Silence Container - 1""",
A2HY,True,,,,,"""Arcane Silence Container - 3""",
A2HZ,True,,,,,"""Arcane Silence Container - 4""",
A2I0,True,,,,,"""Arcane Silence Container - 2""",
A2I5,False,,,,,"""Amp SLOW Container - 2""",
A2I6,False,,,,,"""Amp SLOW Container - 1""",
A2I7,False,,,,,"""Amp SLOW Container - 3""",
A2I8,False,,,,,"""Amp SLOW Container - 4""",
A2I9,False,,,,,"""Iron Boots Speed Bonus Broken""",
A2IA,False,,,,,"""Smiting Bolt FX""",
A2IC,True,,,,,"""Culling Blade Container""",
A2IL,True,,,,,"""Gallop Container - Speed 1""",
A2IM,True,,,,,"""Gallop Container - Speed 2""",
A2IN,True,,,,,"""Gallop Container - Speed 4""",
A2IO,False,,,,,"""Brotherhood FX""",
A2IP,False,,,,,"""Item Attack Speed 130%""",
A2IV,True,,,,,"""Fire Barrier - Damage 3""",
A2IW,True,,,,,"""Fire Barrier - Damage 2""",
A2IX,True,,,,,"""Fire Barrier - Damage 1""",
A2IY,True,,,,,"""Fire Barrier - Damage 4""",
A2J3,True,,,,,"""Press The Attack - Speed 3""",
A2J4,True,,,,,"""Press The Attack - Speed 1""",
A2J5,True,,,,,"""Press The Attack - Speed 2""",
A2J6,True,,,,,"""Press The Attack - Speed 4""",
A2J7,True,,,,,"""Press The Attack Container - 4""",
A2J8,True,,,,,"""Press The Attack Container - 3""",
A2J9,True,,,,,"""Press The Attack Container - 1""",
A2JA,True,,,,,"""Press The Attack Container - 2""",
A2JG,False,,,,,"""Slight of Fist Hero Damage Bonus - 2""",
A2JH,False,,,,,"""Slight of Fist Hero Damage Bonus - 1""",
A2JI,False,,,,,"""Slight of Fist Hero Damage Bonus - 4""",
A2JJ,False,,,,,"""Slight of Fist Hero Damage Bonus - 3""",
A2JN,False,C,"""C""",,"1,2","""Conjure Image""","""Conjure Image - [Level 1]"""
A2JW,False,,,,,"""Fire Barrier FX""",
A2JX,True,,,,,"""Fire Barrier Container - 4""",
A2JY,True,,,,,"""Fire Barrier Container - 1""",
A2JZ,True,,,,,"""Fire Barrier Container - 3""",
A2K0,True,,,,,"""Fire Barrier Container - 2""",
A2K1,False,,,,,"""Tranquil Boots""",
A2K6,False,,,,,"""Prudence Evasion""",
A2K8,False,,,,,"""Item Strength Bonus""",
A2K9,True,,,,,"""Linken Sphere Stat Bonus Container""",
A2KD,False,,,,,"""Culling Blade Haste FX""",
A2KE,True,,,,,"""Ring of Aquila Container""",
A2KF,False,,,,,"""Aquila Stat Bonus""",
A2KH,True,,,,,"""Refresher Container""",
A2KI,False,,,,,"""Item Int Bonus""",
A2KJ,False,,,,,"""Santa Hat FIXED for heroes""",
A2KK,True,,,,,"""Tiny Aghanim Container""",
A2KL,False,,,,,Item Life Regeneration,
A2KT,False,,,,,"""Aghanim's Scepter (Ogre Magi)""",
B01E,False,,,,,,
B02Z,False,,,,,,
B03A,False,,,,,,
B04F,False,,,,,,
B04H,False,,,,,,
B06B,False,,,,,,
B06G,False,,,,,,
B06L,False,,,,,,
B030,False,,,,,,
B04A,False,,,,,,
B07K,False,,,,,,
B07Z,False,,,,,,
B098,False,,,,,,
B0CB,False,,,,,,
B0CG,False,,,,,,
B0DA,False,,,,,,
B0EB,False,,,,,,
B0EI,False,,,,,,
B0EN,False,,,,,,
B0FK,False,,,,,,
B0FX,False,,,,,,
AIab,False,,,,,Item Hero Stat Bonus,
AIml,False,,,,,Item Life Bonus,
AIlz,False,,,,,Item Life Bonus,
AIa3,False,,,,,Item Hero Stat Bonus,
AIs3,False,,,,,Item Hero Stat Bonus,
AIi3,False,,,,,Item Hero Stat Bonus,
AIl1,False,,,,,Item Life Bonus,
AIrn,False,,,,,,
Bmec,False,,,,,,
BNss,False,,,,,,
Btrv,False,,,,,,
A01C,False,,,,,"""Item Mana Bonus +300""",
A099,False,,,,,"""Item Mana Regen 100%""",
A09M,False,,,,,"""Item Mana Bonus +400""",
A04K,False,,,,,"""Item Mana Bonus +170""",
A05P,False,,,,,Item Armor Bonus,
A0C8,False,,,,,"""Item Mana Bonus +9999""",
A0EV,False,,,,,"""Stoneform Armor""",
A0D0,False,,,,,Item Hero Stat Bonus,
A0OH,True,,,,,"""Essence Aura""",
A0OL,True,,,,,"""Essence Aura""",
A0OM,True,,,,,"""Essence Aura""",
A0ON,True,,,,,"""Essence Aura""",
A06G,False,,,,,"""Creep next waypoint""",
A0H5,False,,,,,"""Item Mana Bonus +500""",
A06S,False,,,,,,
A0NU,True,,,,,"""NEWABILITY""",
A0NW,True,,,,,"""NEWABILITY""",
A0PR,False,,,,,"""Item Mana Regen 110%""",
A0RC,False,,,,,"""Insta""",
A0I5,False,,,,,"""Berserker's Call Armor Bonus""",
A0SZ,False,,,,,Item Armor Bonus,
A0VU,False,,,,,"""Item Mana Bonus (400)""",
A0VW,True,,,,,"""Melting Strike - Armor Reduction""",
A12E,False,,,,,"""Item Mana Bonus (50)""",
A12X,False,,,,,Item Armor Bonus,
A13B,False,,,,,Item Armor Bonus,
A17R,False,,,,,"""Fortification Armor Bonus""",
A1CF,False,,,,,"""Negative Armor System -4""",
A1CG,False,,,,,"""Negative Armor System -16""",
A1CH,False,,,,,"""Negative Armor System -32""",
A1CI,False,,,,,"""Negative Armor System -8""",
A1CK,False,,,,,"""Negative Armor System -2""",
A1CM,False,,,,,"""Negative Armor System -1""",
A1DK,False,,,,,"""Eye Of The Storm Negative Armor System -1""",
A1DL,False,,,,,"""Eye Of The Storm Negative Armor System -2""",
A1DM,False,,,,,"""Eye Of The Storm Negative Armor System -8""",
A1DN,False,,,,,"""Eye Of The Storm Negative Armor System -4""",
A1DO,False,,,,,"""Eye Of The Storm Negative Armor System -16""",
A1FR,False,,,,,Item Armor Bonus,
A1FS,False,,,,,Item Armor Bonus,
A1H2,False,,,,,Item Hero Stat Bonus,
A1HD,False,,,,,,
A1JC,False,,,,,"""IceShell - 1,4""",
A1JD,False,,,,,"""IceShell - 1,5""",
A1JE,False,,,,,"""IceShell - 1,6""",
A1JF,False,,,,,"""IceShell - 2,1""",
A1JG,False,,,,,"""IceShell - 2,2""",
A1JH,False,,,,,"""IceShell - 2,3""",
A1JI,False,,,,,"""IceShell - 2,4""",
A1JJ,False,,,,,"""IceShell - 3,1""",
A1JK,False,,,,,"""IceShell - 2,6""",
A1JL,False,,,,,"""IceShell - 3,2""",
A1JM,False,,,,,"""IceShell - 3,3""",
A1JN,False,,,,,"""IceShell - 3,4""",
A1JO,False,,,,,"""IceShell - 3,5""",
A1JP,False,,,,,"""IceShell - 3,6""",
A1JQ,False,,,,,"""IceShell - 4,1""",
A1JR,False,,,,,"""IceShell - 4,2""",
A1JS,False,,,,,"""IceShell - 4,6""",
A1JT,False,,,,,"""IceShell - 1,1""",
A1JU,False,,,,,"""IceShell - 1,2""",
A1JV,False,,,,,"""IceShell - 1,3""",
A1JW,False,,,,,"""IceShell - 2,5""",
A1JX,False,,,,,"""IceShell - 4,3""",
A1JY,False,,,,,"""IceShell - 4,4""",
A1JZ,False,,,,,"""IceShell - 4,5""",
A1LG,False,,,,,"""IceShell - 4,7""",
A1LI,False,,,,,"""IceShellEnemy - Armor 1""",
A1LJ,False,,,,,"""IceShellEnemy - Armor 2""",
A1LK,False,,,,,"""IceShellEnemy - Armor 3""",
A1LL,False,,,,,"""IceShellEnemy - Armor 6""",
A1LM,False,,,,,"""IceShellEnemy - Armor 8""",
A1LN,False,,,,,"""IceShellEnemy - Armor 10""",
A1LO,False,,,,,"""IceShellEnemy - Armor 4""",
A1LP,False,,,,,"""IceShellEnemy - Armor 5""",
A1LQ,False,,,,,"""IceShellEnemy - Armor 9""",
A1LR,False,,,,,"""IceShellEnemy - Armor 7""",
A1LS,False,,,,,"""IceShellEnemy - Armor 1""",
A1QZ,True,,,,,"""Swarm - Armor Reduction""",
A1VQ,False,,,,,"""Item Mana Bonus +250""",
A1ZJ,False,,,,,Item Armor Bonus,
A1ZK,False,,,,,Item Armor Bonus,
A23H,False,,,,,"""Wither Armor - 1""",
A23I,False,,,,,"""Wither Armor - 16""",
A23J,False,,,,,"""Wither Armor - 8""",
A23K,False,,,,,"""Wither Armor - 2""",
A23L,False,,,,,"""Wither Armor - 4""",
A23M,False,,,,,"""Wither Armor - 32""",
A240,False,,,,,"""Water Spray Armor - 1""",
A241,False,,,,,"""Water Spray Armor - 2""",
A242,False,,,,,"""Water Spray Armor - 3""",
A243,False,,,,,"""Water Spray Armor - 4""",
A25H,False,,,,,"""Corpse Collector - Armor 7""",
A25I,False,,,,,"""Corpse Collector - Armor 2""",
A25J,False,,,,,"""Corpse Collector - Armor 3""",
A25K,False,,,,,"""Corpse Collector - Armor 8""",
A25L,False,,,,,"""Corpse Collector - Armor 10""",
A25M,False,,,,,"""Corpse Collector - Armor 1""",
A25N,False,,,,,"""Corpse Collector - Armor 9""",
A25O,False,,,,,"""Corpse Collector - Armor 4""",
A25P,False,,,,,"""Corpse Collector - Armor 6""",
A25Q,False,,,,,"""Corpse Collector - Armor 5""",
A2CJ,False,,,,,"""Reactive Armor Bonus - 15""",
A2CK,False,,,,,"""Reactive Armor Bonus - 13""",
A2CL,False,,,,,"""Reactive Armor Bonus - 7""",
A2CM,False,,,,,"""Reactive Armor Bonus - 12""",
A2CN,False,,,,,"""Reactive Armor Bonus - 14""",
A2CO,False,,,,,"""Reactive Armor Bonus - 11""",
A2CP,False,,,,,"""Reactive Armor Bonus - 10""",
A2CQ,False,,,,,"""Reactive Armor Bonus - 5""",
A2CR,False,,,,,"""Reactive Armor Bonus - 6""",
A2CS,False,,,,,"""Reactive Armor Bonus - 8""",
A2CT,False,,,,,"""Reactive Armor Bonus - 16""",
A2CU,False,,,,,"""Reactive Armor Bonus - 9""",
A2CV,False,,,,,"""Reactive Armor Bonus - 3""",
A2CW,False,,,,,"""Reactive Armor Bonus - 1""",
A2CX,False,,,,,"""Reactive Armor Bonus - 2""",
A2CY,False,,,,,"""Reactive Armor Bonus - 4""",
A2F3,False,,,,,"""Wind Blast Armor Reduction""",
B0AS,False,,,,,,
ANic,False,W,"""W""",,"2,2","""Fury Swipes""","""Fury Swipes - [Level 1]"""
BNic,False,,,,,,
ANso,False,B,B,,"0,2",Soul Burn,Soul Burn - [Level 1]
BNso,False,,,,,,
ANlm,False,W,W,,"1,2",Summon Lava Spawn,Summon Lava Spawn - [Level 1]
BNlm,False,,,,,,
ANsy,False,F,F,,"0,2",Pocket Factory,Pocket Factory - [Level 1]
ANs1,False,F,F,,"0,2",Pocket Factory,Pocket Factory - [Level 1]
ANs2,False,F,F,,"0,2",Pocket Factory,Pocket Factory - [Level 1]
ANs3,False,F,F,,"0,2",Pocket Factory,Pocket Factory - [Level 1]
BNfy,False,,,,,,
ANcs,False,R,R,,"1,2",Cluster Rockets,Cluster Rockets - [Level 1]
ANc1,False,R,R,,"1,2",Cluster Rockets,Cluster Rockets - [Level 1]
ANc2,False,R,R,,"1,2",Cluster Rockets,Cluster Rockets - [Level 1]
ANc3,False,R,R,,"1,2",Cluster Rockets,Cluster Rockets - [Level 1]
BNcs,False,,,,,,
XNcs,False,,,,,,
ANeg,False,E,E,,"2,2",Engineering Upgrade,Engineering Upgrade - [Level 1]
BNeg,False,,,,,,
ANrg,False,B,B,T,"3,2",Robo-Goblin,"""Robo-Goblin"""
ANg1,False,B,B,T,"3,2",Robo-Goblin,"""Robo-Goblin"""
ANg2,False,B,B,T,"3,2",Robo-Goblin,"""Robo-Goblin"""
ANg3,False,B,B,T,"3,2",Robo-Goblin,"""Robo-Goblin"""
ANde,False,,,,"1,1",Demolish,"""Demolish"""
ANd1,False,,,,"1,1",Demolish,"""Demolish - Upgrade Level 1"""
ANd2,False,,,,"1,1",Demolish,"""Demolish - Upgrade Level 2"""
ANd3,False,,,,"1,1",Demolish,"""Demolish - Upgrade Level 3"""
ANf1,False,,,,"0,2",Factory,"""Factory - Upgrade Level 1"""
ANf2,False,,,,"0,2",Factory,"""Factory - Upgrade Level 2"""
ANf3,False,,,,"0,2",Factory,"""Factory - Upgrade Level 3"""
BNcg,False,,,,,,
ANab,False,B,B,,"2,2",Acid Bomb,Acid Bomb - [Level 1]
BNab,False,,,,,,
ANcr,False,R,R,,"3,2",Chemical Rage,Chemical Rage - [Level 1]
BNcr,False,,,,,,
ANtm,False,T,T,,"3,2","""Hand Of Midas""","""Transmute"""
BNtm,False,,,,,,
Aasl,False,,,,,Slow Aura,
Atdg,False,,,,,Building Damage Aura,
Abu5,False,B,,B,"3,2",Burrow,Burrow
ANms,False,E,"""E""",E,"2,2",Mana Shield,"""Activate Mana Shield - [Level 1]"""
BNms,False,,,,,,
ANrf,False,F,F,,"0,2",Rain of Fire,Rain of Fire - [Level 1]
BNrd,False,,,,,,
XErf,False,,,,,,
AHca,False,C,C,C,"1,2",Cold Arrows,Cold Arrows - [Level 1]
BHca,False,,,,,,
Bcsd,False,,,,,,
ANca,False,,C,,"2,2",Cleaving Attack,Cleaving Attack - [Level 1]
ACce,False,,,,"1,2","""Battle Fury""",""""""
ANht,False,T,T,,"1,2",Howl of Terror,"""Howl of Terror - [Level 1]"""
BNht,False,,,,,,
ANdo,False,D,D,,"3,2",Doom,"""Doom - [Level 1]"""
BNdo,False,,,,,,
ANef,False,E,E,,"3,2","""Storm, Earth, And Fire""","""Storm"
BNef,False,,,,,,
ANwk,False,W,,,"0,2",Wind Walk,Wind Walk
Aiun,False,,,,,Unit Inventory,"""Unit Inventory"""
Aion,False,,,,,Unit Inventory,"""Unit Inventory"""
Aihn,False,,,,,Unit Inventory,"""Unit Inventory"""
Aien,False,,,,"2,2",Unit Inventory,"""Unit Inventory"""
ANsg,False,B,B,,"0,2",Summon Bear,Summon Bear - [Level 1]
BNsg,False,,,,,,
ANsq,False,Q,Q,,"1,2",Summon Quilbeast,Summon Quilbeast - [Level 1]
BNsq,False,,,,,,
ANst,False,T,T,,"3,2",Stampede,Stampede
AChx,False,X,,,"1,2","""Guinsoo's Scythe""",""""""
ACbf,False,F,,,"0,2",Breath of Frost,Breath of Frost
BCbf,False,,,,,,
AInv,False,,,,,Inventory,
ACpv,False,,,,"0,2",Pulverize,Pulverize
ANbf,False,F,F,,"0,2",Breath of Fire,Breath of Fire - [Level 1]
BNbf,False,,,,,,
ANdb,False,,B,,"2,2",Drunken Brawler,Drunken Brawler - [Level 1]
ANdh,False,D,D,,"1,2",Drunken Haze,Drunken Haze - [Level 1]
BNdh,False,,,,,,
ANsi,False,E,E,,"1,2",Silence,"""Silence - [Level 1]"""
BNsi,False,,,,,,
ANba,False,B,B,,"1,2",Black Arrow,Black Arrow - [Level 1]
BNba,False,,,,,,
BNdm,False,,,,,,
ACch,False,R,,,"3,2","""Helm of the Dominator""",""""""
ANch,False,C,C,,"3,2",Charm,Charm
BNch,False,,,,,,
ANmo,False,N,N,,"0,2",Monsoon,"""Monsoon [D] - [Level 1]"""
ANmd,False,,,,,,
BNmo,False,,,,,,
XNmo,False,,,,,,
BNwm,False,,,,,,
ANto,False,T,T,,"0,2",Tornado,Tornado
Basl,False,,,,,,
XNto,False,,,,,,
BNto,False,,,,,,
ACmi,False,,,,"2,2",Spell Immunity,Spell Immunity
ACps,False,O,,,"2,2",Possession,Possession
ACpu,False,G,,,"0,2",Purge,Purge
Adtg,False,,,,"0,2",True Sight,True Sight
ANtr,False,,,,"0,2",True Sight,True Sight
Arng,False,,,,,Revenge,
ANfd,False,F,F,,"3,2",Finger of Death,Finger of Death
Achd,False,,,,,Cargo Hold Death,
ANpi,False,,,,"0,2",Permanent Immolation,Permanent Immolation
BNpi,False,,,,,,
Apig,False,,,,"0,2",Permanent Immolation,Permanent Immolation
Bpig,False,,,,,,
Abun,False,,,,,Cargo Hold (Orc Burrow),
Acar,False,,,,,Cargo Hold,
Aloa,False,L,,,"0,2",Load,Load
Adro,False,U,,,"1,2",Unload,Unload All
Sdro,False,U,,,"1,2",Unload,Unload All
Adri,False,U,,,"1,2",Unload Instant,Unload All
ANgl,False,L,,,"0,2",Exchange Gold for Lumber,Exchange %d Gold for %d Lumber
ANlg,False,G,,,"0,0",Exchange Lumber for Gold,Exchange %d Lumber for %d Gold
ANre,False,,,,,"""Healing Well""",
ANrl,False,,,,,Life Regeneration,
ANrm,False,,,,,,
Aneu,False,H,,H,"0,0",Select Hero,Select Hero
Ane2,False,U,,U,"0,0",Select Unit,Select Unit
ANin,False,I,I,,"3,2",Inferno,Inferno
Asds,False,B,,B,"0,2",Kaboom!,Kaboom!
Asdg,False,B,,B,"0,2",Kaboom!,Kaboom!
Asd2,False,B,,B,"0,2",Kaboom!,Kaboom!
Asd3,False,B,,B,"0,2",Kaboom!,Kaboom!
Amrf,False,F,,F,"3,2",Crow Form,Crow Form
Anhe,False,E,,E,"0,2",Heal,Heal
ACtc,False,L,,,"1,2",Slam,""""""
BCtc,False,,,,,,
ACt2,False,L,,,"0,2",Slam,Slam
ACtb,False,D,,,"0,2",Hurl Boulder,"""Hurl Boulder"""
Afzy,False,F,,F,"0,2",Frenzy,Frenzy
Bfzy,False,,,,,,
ANfb,False,B,B,,"0,2",Firebolt,Firebolt
AOac,False,,,,"0,2",Command Aura,Command Aura
ACac,False,,"""D""",,"2,2",Command Aura,"""Command Aura - [Level 1]"""
BOac,False,,,,,,
Btlf,False,,,,,,
Ambd,False,R,,,"0,2",Mana Burn,"""Mana Burn"""
ACsp,False,,,,,Sleep,
ACcl,False,C,,,"0,2",Chain Lightning,Chain Lightning
ACcr,False,C,,,"2,2",Cripple,Cripple
ACct,False,,,,"2,2",Critical Strike,Critical Strike
ACcy,False,C,,,"1,2",Cyclone,Cyclone
ACev,False,,,,"2,2",Evasion,Evasion
ACes,False,,,,"2,2",Evasion,Evasion
ACf2,False,F,,,"0,0",Frost Armor,Frost Armor
Anh1,False,E,,E,"0,2",Heal,Heal
Anh2,False,E,,E,"0,2",Heal,Heal
ACif,False,F,,F,"2,2",Inner Fire,Inner Fire
Sloa,False,L,,,"0,2",Load,Load
ACrf,False,F,,,"3,2",Rain of Fire,Rain of Fire
ACrd,False,R,,R,"1,2",Raise Dead,Raise Dead
Ahrp,False,R,,R,"1,1",Repair,Repair
Aro1,False,R,,R,"3,2",Root,Root
Aro2,False,R,,R,"3,2",Root,Root
Asid,False,,,,,Sell Items,Sell Items
Asud,False,,,,,Sell Units,Sell Units
ACsh,False,W,,,"0,2",Shockwave,Shockwave
ACua,False,,,,"1,2",Unholy Aura,Unholy Aura
ACuf,False,U,,,"1,2",Unholy Frenzy,Unholy Frenzy
Awrs,False,T,,,"0,2",War Stomp,War Stomp
ACav,False,,,,"2,2",Devotion Aura,Devotion Aura
ACvs,False,,,,"0,2",Envenomed Weapons,Envenomed Weapons
Aarm,False,,,,,Mana Regeneration Aura,
Barm,False,,,,,,
ACnr,False,,,,,"""Healing Well""",
Adsm,False,D,,,"0,2",Dispel Magic,Dispel Magic
SCae,False,,,,"1,2",Endurance Aura,Endurance Aura
ACen,False,E,,,"0,2",Ensnare,Ensnare
Anei,False,U,,,"3,2",Select User,Select User
ACrk,False,,,,"3,2",Resistant Skin,Resistant Skin
ACsk,False,,,,"3,1",Resistant Skin,Resistant Skin
ANfl,False,F,F,,"0,2",Forked Lightning,Forked Lightning - [Level 1]
A01I,False,F,F,,"0,2","""Firestorm""","""Firestorm - Level 1"""
A00J,False,R,"""R""",,"3,2",Permanent Invisibility,"""Permanent Invisibility - [Level 1]"""
A00O,False,W,"""W""",,"3,2","""Sonic Wave""","""Sonic Wave - [Level 1]"""
A010,False,R,"""R""",,"0,2","""Ether Shock""","""Ether Shock - [Level 1]"""
A01K,False,,C,,"1,2","""Great Cleave""","""Great Cleave - [Level 1]"""
A027,False,T,"""T""",T,"1,2","""Light Strike Array""","""Light Strike Array - [Level 1]"""
A02O,False,F,F,,"3,2",Finger of Death,"""Finger of Death - [Level 1]"""
A026,False,R,R,R,"0,2",Frost Arrows,"""Frost Arrows - [Level 1]"""
A03B,False,,,,"1,1","""Crit Strike""",Critical Strike
A03C,False,,,,"1,2",Bash,Bash
A042,False,C,"""C""",,"0,2","""Lucent Beam""","""Lucent Beam - [Level 1]"""
A045,False,,,,"0,2",Command Aura,Command Aura
A04B,False,,"""K""",,"3,2","""Storm Seeker""","""Storm Seeker - [Level 1]"""
A055,False,C,"""C""",,"0,2","""Chaos Bolt""","""Chaos Bolt - [Level 1]"""
A03X,False,N,,,"0,2","""Freezing Field 1""",Frost Nova
A05O,True,C,"""C""",,"0,2","""Lucent Beam""",""""""
A013,False,V,"""V""",,"3,2","""Poison Nova""","""Poison Nova - [Level 1]"""
S002,False,N,N,,"3,2",Inferno,Inferno
S003,False,N,N,,"3,2",Inferno,Inferno
S004,False,N,N,,"3,2",Inferno,Inferno
S005,False,N,N,,"3,2",Inferno,Inferno
A069,False,R,"""R""",,"2,2","""Holy Persuasion""","""Holy Persuasion - [Level 1]"""
A06B,False,C,"""C""",C,"2,2","""Suicide Squad, Attack!""","""Suicide Squad"
A000,False,,"""J""",,"1,2","""Jinada""","""Jinada - [Level 1]"""
A040,False,,"""R""",,"1,1","""Morph""","""Morph - [Level 1]"""
A04I,False,,,,,"""Radiance Damage Aura""",
A06J,False,W,"""W""",,"0,2","""Waveform Old""","""Waveform - [Level 1]"""
A07T,False,L,,,"1,2","""Song of the Siren 1""",Sleep
S00A,True,,,,"2,2","""Hunter in the Night""","""Hunter in the Night - [Level 1]"""
A08C,True,F,D,,"1,2","""Crippling Fear""","""Crippling Fear - [Level 1]"""
A00G,False,W,"""W""",,"3,2","""Nether Swap""","""Nether Swap - [Level 1] """
A091,False,N,,,"0,2",Frost Nova,Frost Nova
A094,False,V,"""V""",,"2,2","""LVL? Death""","""LVL? Death - [Level 1]"""
A02C,False,C,"""C""",,"2,2","""Witchcraft""","""Witchcraft - [Level 1]"""
A07H,False,E,E,,"1,2",Silence,"""Silence - [Level 1]"""
A07I,False,E,E,,"1,2",Silence,"""Silence - [Level 1]"""
A07J,False,E,E,,"1,2",Silence,"""Silence - [Level 1]"""
A07M,False,E,E,,"1,2",Silence,"""Silence - [Level 1]"""
A0A6,False,V,"""V""",,"3,2","""Poison Nova""","""Poison Nova - [Level 1]"""
A0AF,False,W,"""W""",,"3,2","""Sonic Wave""","""Sonic Wave - [Level 1]"""
A0AN,True,E,E,,"2,2","""Aghanim Lina, Zeus, Pugna, Furion""","""Rifle Upgrade - [Level 1]"""
A0AO,True,E,E,,"2,2","""Aghanim CM, Rhasta, QoP, Veno""","""Rifle Upgrade - [Level 1]"""
A0B9,True,E,E,,"2,2","""Aghanim Lich, Medusa, Lion, Leshrac""","""Rifle Upgrade - [Level 1]"""
A02T,False,D,,,"2,1","""Detonate""","""Detonate"""
A036,True,T,"""T""",T,"1,2","""Remote Mine 1""","""Light Strike Array - [Level 1]"""
A017,False,W,,,"0,2",Wind Walk,Wind Walk
A04L,False,E,"""E""",,"0,2","""Soul Steal""","""Soul Steal - [Level 1]"""
A00L,False,D,"""D""",,"1,2","""Double Edge""","""Double Edge - [Level 1]"""
A08L,False,C,,,"2,2","""Death Pact item""",Cripple
A08U,False,X,,,"1,2","""Sheep""",Hex
A08Y,False,F,F,,"3,2",Finger of Death,"""Finger of Death - [Level 1]"""
A08Z,False,F,F,,"3,2",Finger of Death,"""Finger of Death - [Level 1]"""
A090,False,F,F,,"3,2",Finger of Death,"""Finger of Death - [Level 1]"""
A092,False,F,F,,"3,2",Finger of Death,"""Finger of Death - [Level 1]"""
A09E,False,,,,"2,1",Bash,Bash
A09H,False,X,,,"1,2","""Sheep""",Hex
A0A5,False,B,B,,"0,2","""Summon Spirit Bear""","""Summon Spirit Bear - [Level 1]"""
A0A7,True,R,"""G""",,"1,2","""Return""","""Return"""
A0A8,False,Y,"""Y""",,"2,2","""Synergy""","""Synergy - [Level 1]"""
A0AH,False,,,,"0,2",Demolish,"""Demolish"""
A0B5,False,T,,,"1,2","""stealthstomp""",War Stomp
A0BF,False,,,,"2,2","""Web Bonus""",""""""
A0BL,False,D,D,,"2,2","""Incapacitating Bite""","""Incapacitating Bite - [Level 2]"""
A0BM,False,D,D,,"2,2","""Incapacitating Bite""","""Incapacitating Bite - [Level 1]"""
A0BN,False,D,D,,"2,2","""Incapacitating Bite""","""Incapacitating Bite - [Level 3]"""
A0BO,False,D,D,,"2,2","""Incapacitating Bite""","""Incapacitating Bite - [Level 4]"""
A0CC,False,D,D,,"3,2",Life Drain,Life Drain - [Level 1]
A0CH,False,D,D,,"1,2",Drunken Haze,Drunken Haze - [Level 1]
A0CI,False,D,D,,"1,2",Drunken Haze,Drunken Haze - [Level 1]
A0CJ,False,D,D,,"1,2",Drunken Haze,Drunken Haze - [Level 1]
A0CP,False,T,"""T""",T,"3,2","""Spellsteal""","""Activate Spellsteal - [Level 1]"""
A03M,False,,,,"2,2","""Web Bonus""",Unholy Aura
A002,False,W,B,,"1,2","""Spawn Spiderite""","""Spawn Spiderite"""
A02Z,False,D,D,,"3,2",Life Drain,Life Drain - [Level 1]
A031,True,C,"""C""",,"0,2","""Lucent Beam""",""""""
A032,True,C,"""C""",,"0,2","""Lucent Beam""",""""""
A033,True,C,"""C""",,"0,2","""Lucent Beam""",""""""
A035,False,C,"""C""",,"1,2","""Diabolic Edict""","""Diabolic Edict - [Level 1]"""
A044,False,,"""C""",,"2,2","""Anchor Smash""","""Anchor Smash - [Level 1]"""
A046,False,G,"""G""",,"0,2","""Gush""","""Gush - [Level 1]"""
A04E,False,R,"""R""",,"1,2","""Kraken Shell""","""Kraken Shell - [Level 1]"""
A04X,False,B,"""B""",,"1,2","""Brain Sap""","""Brain Sap - [Level 1]"""
A059,False,V,"""V""",V,"1,2","""Overpower""","""Overpower - [Level 1]"""
A049,False,E,"""E""",,"0,2","""Laser""","""Laser - [Level 1]"""
A05F,False,C,"""C""",,"2,2","""March of the Machines effect""","""March of the Machines - [Level 1]"""
A07G,True,T,,,"1,2","""Entrench""",War Stomp
A087,True,F,F,,"0,2","""IllCast""",Breath of Fire - [Level 1]
A088,False,C,"""C""",,"3,2","""Multi Cast""","""Multi Cast - [Level 1]"""
A06T,False,E,,,"0,2","""Overgrowth 1""",Entangling Roots
A09D,False,W,"""W""",,"2,2","""Nether Ward""","""Nether Ward - [Level 1]"""
A09S,True,E,E,,"2,2","""Aghanim Luna, Necrolyte, Witch Doctor""","""Rifle Upgrade - [Level 1]"""
A0A2,False,D,D,,"3,2",Doom,"""Doom - [Level 1]"""
A024,False,,"""T""",,"2,2","""Mighty Swing""","""Mighty Swing - [Level 1]"""
A0AP,False,E,"""E""",,"1,2","""Terror""",""""""
A09N,False,,"""D""",,"2,2","""Dragon Blood""","""Dragon Blood - [Level 1]"""
A0D4,False,B,,,"0,2",Mana Burn,Mana Burn
A0DE,False,N,N,N,"2,2","""Cant Touch Me!""",Activate Mana Shield - [Level 1]
A0DI,False,T,,,"1,2","""Aftershock Effect""",War Stomp
A0DR,False,D,"""D""",D,"3,2","""Dark Flame""","""Adjust the Dark Flames - [Level 1]"""
A01T,False,G,"""G""",,"1,2","""Ignite 2""","""Ignite - [Level 1]"""
A0BT,False,,,,"0,2","""Dark Flame burn""",Permanent Immolation
A0BW,False,V,"""V""",,"0,2","""Avalanche (cast)""","""Avalanche - [Level 1]"""
A0C1,False,W,"""W""",,"3,2","""Grow!""","""Grow! - [Level 1]"""
A0C5,False,R,"""R""",,"1,2","""Battle Hunger""","""Battle Hunger - [Level 1]"""
A0C4,False,T,"""T""",,"1,2","""Soul Assumption""","""Soul Assumption - [Level 1]"""
A0E0,False,C,C,,"2,2","""Grave Bind""","""Grave Bind - [Level 1]"""
A0E6,False,C,"""C""",,"0,2","""Smoke Screen""",""""""
A0EC,False,D,"""D""",,"0,2","""Bloodrage""","""Bloodrage - [Level 1]"""
A0EI,False,,,,"1,2","""Rupture""","""Rupture - [Level 1]"""
A0ET,False,R,"""R""",,"1,2","""Roar""","""Roar - [Level 1]"""
A0AY,True,D,D,,"1,2","""Gazed""",Drunken Haze - [Level 1]
A0B0,False,B,B,,"2,2","""Untouchable effect""",""""""
A0B3,False,F,"""F""",,"0,2","""Malefice""","""Malefice - [Level 1]"""
A0B7,False,C,C,,"1,2","""Demonic Conversion""","""Demonic Conversion - [Level 1]"""
A0BI,False,E,E,,"3,2","""Conversion effect""","""Storm"
A0BY,False,B,"""B""",,"3,2","""Black Hole""","""Black Hole - [Level 1]"""
A0C0,False,,,,,"""Tidal Forces""",
A0CM,False,R,,R,"2,2","""Geminate Attack""","""Geminate Attack - [Level 4]"""
A0CN,False,R,,R,"2,2","""Geminate Attack""","""Geminate Attack - [Level 1]"""
A0CR,False,R,,R,"2,2","""Geminate Attack""","""Geminate Attack - [Level 2]"""
A0CS,False,R,,R,"2,2","""Geminate Attack""","""Geminate Attack - [Level 3]"""
A0CQ,True,E,E,,"1,1","""Necromastery Effect""","""Necromastery"""
A007,False,G,"""G""",,"1,2","""Ignite 1""","""Ignite - [Level 1]"""
A00F,False,G,"""G""",,"1,2","""Ignite 3""","""Ignite - [Level 1]"""
A011,False,G,"""G""",,"1,2","""Ignite""","""Ignite - [Level 1]"""
A01J,False,D,D,,"2,2","""Sand Storm effect""","""Sand Storm"""
A04G,False,,,,"2,2","""Shadow Weave""","""Shadow Weave - [Level 1]"""
A068,True,B,B,,"2,2","""Power Word enemy""",Acid Bomb - [Level 1]
A08J,False,E,"""E""",,"1,2","""Crushing Wave old""","""Crushing Wave - [Level 1]"""
A08O,False,C,"""C""",,"1,2","""Ostracize""","""Ostracize - [Level 1]"""
A0AU,False,E,"""E""",,"0,2","""Bleed""","""Bleed - [Level 1]"""
A0B6,False,E,,,"1,2","""Item Summon Courier""",Summon Sea Elemental
A0EL,True,E,E,,"2,2","""Aghanim Bane, Enigma, Tinker, Enchantress""","""Rifle Upgrade - [Level 1]"""
A0EQ,True,E,E,,"2,2","""Aghanim Earthshaker, Sand King, Bloodseeker, Gambler""","""Rifle Upgrade - [Level 1]"""
A0F2,False,E,E,,"2,1","""Burrowed effect""","""Burrowed effect"""
A0FA,False,L,"""L""",,"2,2","""Caustic Finale""","""Caustic Finale - [Level 1]"""
A0FG,False,,,,"2,2","""Scorched earth health""",Unholy Aura
A0FH,False,X,T,,"1,2","""Shadowraze""","""Shadowraze (X) - [Level 1]"""
A0FM,False,E,"""E""",,"1,2","""Morph Attack""","""Morph Attack - [Level 1] (E)"""
A0FZ,True,B,B,,"2,2","""Snot""",Acid Bomb - [Level 1]
A0GL,False,F,,,"0,2","""Poison nova wave""",Breath of Frost
A0H1,False,,,,"0,2","""Necronomicon Damage Reduction""",Command Aura
A0GA,True,,"""D""",,"1,2","""Necronomicon Command Aura""","""Necronomicon Command Aura """
A0J1,False,C,"""C""",,"3,2","""Chronosphere""","""Chronosphere - [Level 1]"""
A0G7,False,F,F,,"0,2",Breath of Fire,Breath of Fire - [Level 1]
A0KZ,False,F,,F,"2,2","""Teleport Armor Buff""",Inner Fire
A0KD,False,C,"""C""",,"0,2","""Curse of the Silent""","""Curse of the Silent - [Level 1]"""
A0KG,False,V,"""V""",,"0,2","""Avalanche (effect)""","""Avalanche - [Level 1]"""
A0KJ,False,,,,"2,1",Spell Immunity,Spell Immunity
A0KM,False,E,"""E""",,"0,2","""Penitence""","""Penitence - [Level 1]"""
A0L2,True,E,E,,"1,2",Silence,"""Silence - [Level 1]"""
A0L6,False,R,"""R""",,"2,2","""Enrage""","""Enrage - [Level 1]"""
A0LI,False,E,"""E""",,"3,2","""Phoenix""","""Phoenix - [Level 1]"""
A0LJ,False,G,"""G""",,"0,2","""Summon Golem""","""Summon Earth Golem - [Level 1]"""
A0LK,False,W,"""W""",,"0,2","""Time Walk""","""Time Walk - [Level 1]"""
A0LL,False,V,"""V""",,"0,2","""Avalanche""","""Avalanche - [Level 1]"""
A0LS,False,B,B,,"0,1","""Last Word Effect""",""""""
A0MI,False,R,"""R""",,"1,2","""Mark of the Abyss""","""Mark of the Abyss - [Level 1]"""
A0MJ,False,R,"""R""",,"0,2","""Aphotic Shield Damage""",""""""
A0MP,False,E,"""E""",E,"2,2",Mana Shield,"""Activate Mana Shield - [Level 1]"""
A0MU,False,D,D,,"3,2",Doom,"""Doom - [Level 1]"""
A0N1,False,,,,,"""Inventory (2 SLOT)""","""Unit Inventory"""
A0NG,False,,,,"0,2","""Icon Placer""",Command Aura
A0NH,False,,,,"0,2","""Rupture Buff""",Command Aura
A0NI,False,,,,"0,2","""Assassinate""",Command Aura
A0NO,False,E,"""E""",,"2,2","""Maledict""","""Maledict - [Level 1]"""
A0NT,False,D,"""D""",,"3,2","""Death Ward""","""Death Ward - [Level 1]"""
A0NX,False,D,"""D""",,"3,2","""Death Ward""","""Death Ward - [Level 1]"""
A0O6,False,T,"""T""",,"1,2","""Ice Path""","""Ice Path - [Level 1]"""
A0OA,False,N,,,"0,2","""Dual Breath Slow""",Frost Nova
A0OB,False,,,,"0,2","""Dual Breath Frost""","""Dual Breath - Level 1"""
A0OC,False,,,,"0,2","""Dual Breath Fire""",""""""
A0OK,False,C,"""C""",,"3,2","""Sanity's Eclipse""","""Sanity's Eclipse - [Level 1]"""
A0OP,False,,,,"0,2","""Quilbeast Poison""","""Quilbeast Poison"""
A0OQ,False,,,,"0,2","""Quilbeast Poison""","""Quilbeast Poison"""
A0O4,False,,,,"2,1","""Corrosive Breath""","""Corrosive Breath"""
A0FN,False,W,"""W""",,"0,2","""Waveform""","""Waveform - [Level 1]"""
A0DU,False,E,"""E""",,"1,2","""Crushing Wave""","""Crushing Wave - [Level 1]"""
A0G6,False,E,"""E""",,"1,2","""Adaptive Strike""","""Adaptive Strike - [Level 1]"""
A0FD,False,B,B,,"0,2","""Orchid Malevolence""",""""""
A0HV,True,T,,,"1,2","""Carrion Beetle""",War Stomp
A0FX,False,,"""L""",,"1,2","""Desolate""","""Desolate - [Level 1]"""
A0G1,False,,,,"0,2",Command Aura,Command Aura
S007,False,,,,"0,2","""Speed Aura""","""Speed Aura"""
A0IJ,False,B,,,"0,2","""Restless Dead""",Black Arrow
S008,False,R,"""R""",,"3,2","""Rain of Chaos""","""Rain of Chaos - [Level 1]"""
A0IK,False,,,,"0,2",Permanent Immolation,Permanent Immolation
A0IY,False,,,,"0,2",Permanent Immolation,Permanent Immolation
A0J3,False,,,,"0,2",Permanent Immolation,Permanent Immolation
A0IL,False,D,"""D""",,"0,2","""Acid Spray""","""Acid Spray - [Level 1]"""
A06P,False,E,"""E""",,"2,2","""Upheaval""","""Upheaval - [Level 1]"""
A0J9,True,,,,"0,2","""Fatal Bonds""",""""""
A0JF,True,,,,"0,2","""Shadow Word""",""""""
A0JM,True,,,,"0,2","""Static Charge""",""""""
A0JT,False,E,,,"1,2","""Item Summon Flying Courier""",Summon Sea Elemental
A0K6,False,R,,,"0,2","""Mjollnir""",Forked Lightning
A0K2,False,,,,,"""Inventory (1 SLOT)""","""Unit Inventory"""
A0IN,False,W,"""W""",,"3,2","""Nether Swap""","""Nether Swap - [Level 1] """
A0LQ,True,E,E,,"2,2","""Aghanim Lucifer, Keeper""","""Rifle Upgrade - [Level 1]"""
A0NB,False,E,"""E""",,"0,2","""Earthbind""","""Earthbind - [Level 1]"""
A0OV,False,,,,,"""Shallow Grave""",
A0P5,False,X,,,"1,2",Hex,Hex
A0P6,False,E,E,,"1,2",Silence,"""Silence - [Level 1]"""
A0PG,False,X,,,"1,2",Hex,Hex
A0PN,False,N,,,"0,2","""Magebane Trident""",Mana Burn
A0PV,False,,,,,"""Tango Buff""",
A0Q6,False,,,,,"""Inventory (2 SLOT ROSHAN)""","""Unit Inventory"""
A0QB,False,E,E,,"1,2",Silence,"""Silence - [Level 1]"""
A0QE,False,C,"""C""",,"0,2","""Vacuum""","""Vacuum - Level 1"""
A0QQ,False,,"""B""",,"2,2","""Berserker's Blood""","""Berserker's Blood - Level 1"""
A0QT,False,E,"""E""",,"2,2","""Expulsion""","""Expulsion - Level 1"""
A0QV,False,D,"""D""",,"0,2","""Raise Dead""","""Raise Dead - Level 1"""
A0R1,True,G,"""G""",,"3,2","""Ball Lightning""","""Ball Lightning - Level 1"""
A0R2,True,X,"""X""",,"1,2","""Fear""","""Fear [X] - Level 1"""
A0RH,False,Z,"""Z""",,"0,2","""Firestorm""",""""""
A0RT,False,T,,,"2,1","""Psionic Trap""","""Trap"""
A0RG,False,C,"""C""",,"0,2","""Smoke Screen""","""Smoke Screen - [Level 1]"""
A0S3,False,E,,,"1,2","""Avatar""",Summon Sea Elemental
A0I4,False,,,,,"""Inventory (4 SLOT COP)""","""Unit Inventory"""
A0SD,False,E,E,,"1,2",Silence,""""""
A0SI,False,E,,,"1,2","""MAGE ARMOR""",Summon Sea Elemental
A0TB,False,H,,H,"0,0",Select Hero,Select Hero
A0TL,True,E,E,,"2,2","""Aghanim KOTL""","""Rifle Upgrade - [Level 1]"""
A0TO,True,E,E,,"2,2","""Aghanim Lina""","""Rifle Upgrade - [Level 1]"""
A0TQ,True,E,E,,"2,2","""Aghanim Lion""","""Rifle Upgrade - [Level 1]"""
A0TT,True,E,E,,"2,2","""Aghanim Ogre""","""Rifle Upgrade - [Level 1]"""
A0TU,True,E,E,,"2,2","""Aghanim Pugna""","""Rifle Upgrade - [Level 1]"""
A0TW,True,E,E,,"2,2","""Aghanim QoP""","""Rifle Upgrade - [Level 1]"""
A0TY,True,E,E,,"2,2","""Aghanim Rhasta""","""Rifle Upgrade - [Level 1]"""
A0U0,True,E,E,,"2,2","""Aghanim Zeus""","""Rifle Upgrade - [Level 1]"""
A0U2,True,E,E,,"2,2","""Aghanim Rylai""","""Rifle Upgrade - [Level 1]"""
A0U4,True,E,E,,"2,2","""Aghanim Lich""","""Rifle Upgrade - [Level 1]"""
A0U6,True,E,E,,"2,2","""Aghanim Leshrac""","""Rifle Upgrade - [Level 1]"""
A0U8,True,E,E,,"2,2","""Aghanim Furion""","""Rifle Upgrade - [Level 1]"""
A0UA,True,E,E,,"2,2","""Aghanim Veno""","""Rifle Upgrade - [Level 1]"""
A0UC,True,E,E,,"2,2","""Aghanim Necro""","""Rifle Upgrade - [Level 1]"""
A0UE,True,E,E,,"2,2","""Aghanim Luna""","""Rifle Upgrade - [Level 1]"""
A0UG,True,E,E,,"2,2","""Aghanim Witch Doctor""","""Rifle Upgrade - [Level 1]"""
A0UI,True,E,E,,"2,2","""Aghanim Lucifer""","""Rifle Upgrade - [Level 1]"""
A0UZ,True,E,E,,"2,2","""Euls Movement Buff""","""Rifle Upgrade - [Level 1]"""
A0V4,False,D,D,,"3,2",Doom,"""Doom - [Level 1]"""
A0V5,False,D,D,,"3,2","""Orchid Malevolence""","""Doom - [Level 1]"""
A0VD,True,E,E,,"2,2","""Wex - MS 5""",Engineering Upgrade - [Level 1]
A0W0,True,E,E,,"2,2","""Wex - MS 9""",Engineering Upgrade - [Level 1]
A0W1,True,E,E,,"2,2","""Wex - MS 10""",Engineering Upgrade - [Level 1]
A0W2,True,E,E,,"2,2","""Wex - MS 11""",Engineering Upgrade - [Level 1]
A0W3,True,E,E,,"2,2","""Wex - MS 12""",Engineering Upgrade - [Level 1]
A0W4,True,E,E,,"2,2","""Wex - MS 13""",Engineering Upgrade - [Level 1]
A0W5,True,E,E,,"2,2","""Wex - MS 14""",Engineering Upgrade - [Level 1]
A0W6,True,E,E,,"2,2","""Wex - MS 15""",Engineering Upgrade - [Level 1]
A0W7,True,E,E,,"2,2","""Wex - MS 16""",Engineering Upgrade - [Level 1]
A0W8,True,E,E,,"2,2","""Wex - MS 17""",Engineering Upgrade - [Level 1]
A0W9,True,E,E,,"2,2","""Wex - MS 18""",Engineering Upgrade - [Level 1]
A0WA,True,E,E,,"2,2","""Wex - MS 19""",Engineering Upgrade - [Level 1]
A0WB,True,E,E,,"2,2","""Wex - MS 20""",Engineering Upgrade - [Level 1]
A0WC,True,E,E,,"2,2","""Wex - MS 21""",Engineering Upgrade - [Level 1]
A0WF,True,E,E,,"2,2","""Wex - MS 8""",Engineering Upgrade - [Level 1]
A0WG,True,E,E,,"2,2","""Wex - MS 1""",Engineering Upgrade - [Level 1]
A0WH,True,E,E,,"2,2","""Wex - MS 2""",Engineering Upgrade - [Level 1]
A0WI,True,E,E,,"2,2","""Wex - MS 4""",Engineering Upgrade - [Level 1]
A0WJ,True,E,E,,"2,2","""Wex - MS 6""",Engineering Upgrade - [Level 1]
A0WK,True,E,E,,"2,2","""Wex - MS 7""",Engineering Upgrade - [Level 1]
A0WL,True,E,E,,"2,2","""Wex - MS 3""",Engineering Upgrade - [Level 1]
A0WE,True,,"""D""",,"2,2","""God's Strength Caster lvl 2""",""""""
A0WM,True,,"""D""",,"2,2","""God's Strength Caster lvl 1""",""""""
A0WN,True,,"""D""",,"2,2","""God's Strength Caster lvl 3""",""""""
A0XA,False,E,"""E""",,"0,2","""Land Mines""","""Land Mines - [Level 1]"""
A0XD,True,R,R,R,"0,2","""Frost Attack""","""Frost Attack"""
A0VT,True,D,D,,"1,2","""Invoke5 - NoAtck""",""""""
S00H,True,,,,"1,1","""Invoke Icy Path""",""""""
A0XN,True,,,,,"""Invoke Icy Path""",
A0YR,False,,,,,"""HERO GLOW""",
A0YU,False,,,,"0,2",Permanent Immolation,Permanent Immolation
A0YV,False,C,"""C""",,"0,2","""Summon Ancestral Spirit""","""Ancestral Spirit - [Level 1]"""
A0YX,False,F,"""F""",,"1,2","""Frost Shock""","""Frost Shock - [Level 1]"""
A0Z2,False,E,"""E""",,"3,2","""Permanent Invisibility (Wraith)""","""Permanent Invisibility - [Level 1]"""
A0ZG,True,,"""D""",,"2,2","""Feral Heart Caster lvl 4""",""""""
A0ZH,True,,"""D""",,"2,2","""Feral Heart Caster lvl 3""",""""""
A0ZI,True,,"""D""",,"2,2","""Feral Heart Caster lvl 2""",""""""
A0ZJ,True,,"""D""",,"2,2","""Feral Heart Caster lvl 1""",""""""
A101,True,,"""D""",,"2,2","""Howl Caster - Heroes - 2""",""""""
A102,True,,"""D""",,"2,2","""Howl Caster - Heroes - 3""",""""""
A103,True,,"""D""",,"2,2","""Howl Caster - Heroes - 4""",""""""
A104,True,,"""D""",,"2,2","""Howl Caster - Heroes - 1""",""""""
A105,True,,"""D""",,"2,2","""Howl Caster - Creep - 3""",""""""
A106,True,,"""D""",,"2,2","""Howl Caster - Creep - 2""",""""""
A107,True,,"""D""",,"2,2","""Howl Caster - Creep - 1""",""""""
A108,True,,"""D""",,"2,2","""Howl Caster - Creep - 4""",""""""
A10E,False,H,,H,"0,0","""Select Hero (RD)""",Select Hero
A10J,False,T,,,"1,2","""Avalanche Stomp""",""""""
A10M,False,V,"""V""",,"0,2","""Avalanche (effect-correct)""","""Avalanche - [Level 1]"""
A10Q,True,W,"""W""",,"3,2","""Weave""","""Weave - [Level 1]"""
A10W,False,D,D,,"1,2","""Blinding Light""",""""""
A11D,False,E,,,"1,2","""Avatar""",Summon Sea Elemental
A11E,False,E,,,"1,2","""Avatar""",Summon Sea Elemental
A11F,False,E,,,"1,2","""Avatar""",Summon Sea Elemental
A11G,False,E,,,"1,2","""Avatar""",Summon Sea Elemental
A11H,False,E,,,"1,2","""Avatar""",Summon Sea Elemental
A11S,False,,C,,"2,2","""Water Sword Cleave 3""",""""""
A11V,True,B,"""C""",,"1,1","""Blinding Light""","""Blinding Light"""
A11W,True,B,"""C""",,"1,1","""Blinding Light""","""Blinding Light"""
A11X,True,B,"""C""",,"1,1","""Blinding Light""","""Blinding Light"""
A123,False,D,D,,"1,2","""Captain CoCo's Rum""",""""""
A12B,True,,,,,"""Fear of the Dark - Slow""",
A12F,True,B,"""C""",,"1,1","""Poison Powder""",""""""
A12W,False,W,,,"0,2","""Phase Boots - Phase""",Wind Walk
A12Z,False,H,,H,"0,0",Select Hero,Select Hero
A136,False,E,"""E""",,"0,2","""Torrent""","""Torrent - [Level 1]"""
A13S,False,V,"""V""",,"0,2","""Avalanche (effect-correct-test)""","""Avalanche - [Level 1]"""
A144,False,,C,,"2,2","""Water Sword Cleave 4""",""""""
A145,False,,C,,"2,2","""Water Sword Cleave 2""",""""""
A146,False,,C,,"2,2","""Water Sword Cleave 1""",""""""
A14B,False,,,,"2,2",Bash,Bash
A14L,False,C,"""C""",,"0,2","""Curse of the Silent""","""Curse of the Silent - [Level 1]"""
A14M,False,F,,F,"2,2","""Glyph Scourge""",Inner Fire
A14N,False,F,,F,"2,2","""Glyph Sent""",Inner Fire
A14O,True,G,"""G""",,"3,2","""Ball Lightning""","""Ball Lightning - [Level 1]"""
A14T,False,T,"""T""",,"2,2","""Tombstone""","""Tombstone - [Level 1]"""
A15S,False,D,"""D""",,"0,2","""Decay""","""Decay - [Level 1]"""
A179,False,,,,"2,2",Spell Immunity,Spell Immunity
A17V,False,G,"""G""",,"1,2","""Ignite Multi""","""Ignite - [Level 1]"""
A17W,False,G,"""G""",,"1,2","""Ignite 1 Multi""","""Ignite - [Level 1]"""
A17X,False,G,"""G""",,"1,2","""Ignite 2 Multi""","""Ignite - [Level 1]"""
A17Y,False,G,"""G""",,"1,2","""Ignite 3 Multi""","""Ignite - [Level 1]"""
A17Z,False,D,"""D""",,"0,2","""Demonic Conversion""",""""""
A181,False,E,,,"1,2","""Item Summon Totem - Earth""",Summon Sea Elemental
A183,False,E,,,"1,2","""Item Summon Totem - Water""",Summon Sea Elemental
A184,False,E,,,"1,2","""Item Summon Totem - Fire""",Summon Sea Elemental
A185,False,E,,,"1,2","""Item Summon Totem - Wind""",Summon Sea Elemental
A189,False,,,,"0,2","""Totem of Fire""",Command Aura
A18D,False,G,,,"0,2","""Shock""",""""""
A19R,False,,,,"0,2",Permanent Immolation,Permanent Immolation
A19S,False,,,,"0,2",Permanent Immolation,Permanent Immolation
A1A0,True,D,D,,"1,2","""Lasso No Attack""",""""""
A1AB,False,,,,"1,1","""Demolish BASIC""","""Demolish"""
A1AD,False,,,,"1,1","""Demolish BASIC""","""Demolish"""
A1AE,False,,,,"1,1","""Demolish UPGRADED""","""Demolish"""
A1AF,False,,,,"1,1","""Demolish UPGRADED""","""Demolish"""
A1AW,False,W,"""W""",,"3,2","""Nether Swap upgrade""","""Nether Swap - [Level 1] """
A1BK,True,E,E,,"2,2","""Aghanim Invoker""","""Rifle Upgrade - [Level 1]"""
A1BL,True,E,E,,"2,2","""Aghanim Huskar""","""Rifle Upgrade - [Level 1]"""
A1BM,True,E,E,,"2,2","""Aghanim Sand King""","""Rifle Upgrade - [Level 1]"""
A1BN,True,E,E,,"2,2","""Aghanim Jakiro""","""Rifle Upgrade - [Level 1]"""
A1BO,True,E,E,,"2,2","""Aghanim Nightstalker""","""Rifle Upgrade - [Level 1]"""
A1BP,True,E,E,,"2,2","""Aghanim Leoric""","""Rifle Upgrade - [Level 1]"""
A1BQ,True,E,E,,"2,2","""Aghanim Chaos Knight""","""Rifle Upgrade - [Level 1]"""
A1BR,True,E,E,,"2,2","""Aghanim Juggernaut""","""Rifle Upgrade - [Level 1]"""
A1BS,True,E,E,,"2,2","""Aghanim Panda""","""Rifle Upgrade - [Level 1]"""
A1BT,True,E,E,,"2,2","""Aghanim Vengeful Spirit""","""Rifle Upgrade - [Level 1]"""
A1BU,True,E,E,,"2,2","""Aghanim Slardar""","""Rifle Upgrade - [Level 1]"""
A1BV,True,E,E,,"2,2","""Aghanim Sniper""","""Rifle Upgrade - [Level 1]"""
A1BY,False,,,,"2,2","""True Strike""",Critical Strike
A1CR,False,,,,"0,2",Permanent Immolation,Permanent Immolation
A1CT,True,E,E,,"2,2","""Aghanim Chen""","""Rifle Upgrade - [Level 1]"""
A1CW,True,E,E,,"2,2","""Aghanim Clockwerk""","""Rifle Upgrade - [Level 1]"""
A1D5,True,E,E,,"2,2","""Aghanim Pudge""","""Rifle Upgrade - [Level 1]"""
A1D7,False,C,"""C""",,"3,2","""Chronosphere Upgraded""","""Chronosphere - [Level 1]"""
A1DB,True,W,"""W""",,"3,2","""Weave Upgrade""","""Weave - [Level 1]"""
A1DC,True,E,E,,"2,2","""Aghanim Windrunner""","""Rifle Upgrade - [Level 1]"""
A1DD,True,E,E,,"2,2","""Aghanim Faceless Void""","""Rifle Upgrade - [Level 1]"""
A1DE,True,E,E,,"2,2","""Aghanim Abaddon""","""Rifle Upgrade - [Level 1]"""
A1DF,True,E,E,,"2,2","""Aghanim Dazzle""","""Rifle Upgrade - [Level 1]"""
A1DG,True,E,E,,"2,2","""Aghanim Spirit Breaker""","""Rifle Upgrade - [Level 1]"""
A1DH,True,E,E,,"2,2","""Aghanim Bane Elemental""","""Rifle Upgrade - [Level 1]"""
A1E9,False,V,"""V""",,"0,2","""Crystal Nova""","""Crystal Nova - [Level 1]"""
A1EK,False,D,"""D""",,"1,2","""Blind""","""Blind - [Level 1]"""
A1EL,False,C,"""C""",,"0,2","""Sticky Napalm""","""Sticky Napalm - [Level 1]"""
A1G0,True,E,E,,"2,2","""Aghanim Techies""","""Rifle Upgrade - [Level 1]"""
A1GD,True,C,"""C""",C,"2,2","""Suicide""","""Suicide """
A1GE,True,E,E,,"1,2",Silence,""""""
A1GG,True,B,B,,"0,2","""Scarab Silence""",""""""
A1GR,True,W,"""W""",W,"1,2","""Wex""","""Wex - [Level 1]"""
A1HH,False,F,,,"1,2","""Infestation""","""Infestation"""
A1HS,False,E,"""E""",,"1,2","""Ice Vortex""","""Ice Vortex - [Level 1]"""
A1HY,False,B,B,,"0,1","""Silence Attack - Silence""",""""""
A1IT,False,,,,"2,2","""Jinada Critical - 2""",""""""
A1J0,False,,,,"2,2","""Jinada Critical - 4""",""""""
A1J1,False,,,,"2,2","""Jinada Critical - 3""",""""""
A1J2,False,,,,"2,2","""Jinada Critical - 1""",""""""
A1MD,True,E,"""E""",,"3,2","""Freeze""","""Freeze - [Level 1]"""
S00K,False,,,,"1,2","""Nightcrawler MS NEW""",Endurance Aura
A1MQ,True,E,E,,"2,2","""Aghanim Nevermore""","""Rifle Upgrade - [Level 1]"""
A1MS,True,E,E,,"2,2","""Aghanim Axe""","""Rifle Upgrade - [Level 1]"""
A1MW,True,E,E,,"2,2","""Aghanim Batrider""","""Rifle Upgrade - [Level 1]"""
A1MY,False,R,R,,"3,2",Chemical Rage,Chemical Rage - [Level 1]
A1MZ,True,E,E,,"2,2","""Aghanim Earthshaker""","""Rifle Upgrade - [Level 1]"""
A1NF,False,T,,,"0,2","""Stone Form Stun""",""""""
A1OD,False,,,,,"""Scorched Earth Damage - 4""",
A1OE,False,,,,,"""Scorched Earth Damage - 1""",
A1OF,False,,,,,"""Scorched Earth Damage - 2""",
A1OG,False,,,,,"""Scorched Earth Damage - 3""",
A1OQ,False,F,,,"1,1",Chain Lightning,"""Chain Lightning [F]"""
A1OR,False,F,,,"1,1",Frost Armor,Frost Armor
A1OT,False,F,,,"1,1",Mana Burn,"""Mana Burn [F]"""
A1OU,False,F,,,"1,1",Purge,"""Purge [F]"""
A1OV,False,F,,,"1,1",Shockwave,"""Shockwave [F]"""
A1OW,False,,,,"2,1",Unholy Aura,Unholy Aura
A1OX,False,,,,"1,1",Command Aura,Command Aura
A1OY,False,,,,"2,1",Critical Strike,Critical Strike
S00M,False,,,,"1,1","""Speed Aura""","""Speed Aura"""
A1OZ,False,F,,F,"1,1",Heal,"""Heal [F]"""
S00N,False,,,,"2,1",Endurance Aura,Endurance Aura
A1P0,False,F,,,"1,1",War Stomp,"""War Stomp [F]"""
A1P1,False,,,,"1,1",Envenomed Weapons,Envenomed Weapons
A1P2,True,F,R,F,"1,1","""Frost Attack""","""Frost Attack [F]"""
A1P4,False,F,T,,"1,1",Tornado,"""Tornado [F]"""
A1P5,False,G,,G,"2,1",Raise Dead,"""Raise Dead [G]"""
A1P6,False,F,,,"1,1",Ensnare,"""Ensnare [F]"""
S00O,False,,,,"1,2","""Capture Point - Ability 4a""",Endurance Aura
S00P,False,,,,"1,2","""Capture Point - Ability 4a - Creeps""",Endurance Aura
S00Q,False,,,,"1,2","""Capture Point - Ability 4b - Creeps""",Endurance Aura
S00R,False,,,,"1,2","""Capture Point - Ability 4b""",Endurance Aura
A1PJ,True,,"""D""",,"1,2","""Capture Point - Ability Damage 2b""","""Necronomicon Command Aura """
A1PK,True,,"""D""",,"1,2","""Capture Point - Ability Damage 2b - Creeps""","""Necronomicon Command Aura """
A1PL,True,,"""D""",,"1,2","""Capture Point - Ability Damage 2a""","""Necronomicon Command Aura """
A1PM,True,,"""D""",,"1,2","""Capture Point - Ability Damage 2a - Creeps""","""Necronomicon Command Aura """
A1PF,False,,,,"2,2","""Capture Point - Ability MP 3a""",Brilliance Aura
A1PC,False,,,,"2,2","""Capture Point - Ability MP 3a - Creeps""",Brilliance Aura
A1PE,False,,,,"2,2","""Capture Point - Ability MP 3b""",Brilliance Aura
A1PG,False,,,,"2,2","""Capture Point - Ability MP 3b - Creeps""",Brilliance Aura
A1PI,False,,C,,"2,2","""Empower Cleave 2""",""""""
A1PX,False,,C,,"2,2","""Empower Cleave 4""",""""""
A1PY,False,,C,,"2,2","""Empower Cleave 3""",""""""
A1PZ,False,,C,,"2,2","""Empower Cleave 1""",""""""
A1QB,False,,,,,"""Ethereal Blade MS""",
A1QR,True,E,E,,"2,2","""Aghanim Puck""","""Rifle Upgrade - [Level 1]"""
A1QU,False,,,,"2,2","""Jinada Critical - 0""",""""""
A1R5,False,T,T,,"0,2","""Scroll of Teleporation (fixed)""",Tornado
A1RI,False,T,"""T""",,"2,2","""Metamorphosis""","""Metamorphosis - [Level 1]"""
A1RM,False,T,,,"0,2","""Supernova Stun 7""",War Stomp
A1RN,False,T,,,"0,2","""Supernova Stun 3""",War Stomp
A1RO,False,T,,,"0,2","""Supernova Stun 2""",War Stomp
A1RP,False,T,,,"0,2","""Supernova Stun 1""",War Stomp
A1RQ,False,T,,,"0,2","""Supernova Stun 4""",War Stomp
A1RR,False,T,,,"0,2","""Supernova Stun 5""",War Stomp
A1RS,False,T,,,"0,2","""Supernova Stun 6""",War Stomp
A1RT,False,T,,,"0,2","""Supernova Stun 8""",War Stomp
A1SB,False,C,"""C""",,"1,2","""Soul Catcher""","""Soul Catcher - [Level 1]"""
A1SJ,True,D,D,,"1,2","""Dash - NoAttack""",""""""
A1ST,False,,,,,"""CallDown MS 1""",
A1SU,False,E,"""E""",,"2,2","""Kinetic Field""","""Kinetic Field - [Level 1]"""
A1SX,False,B,B,,"0,1","""Electric Wave Silence""",""""""
A1T3,False,,,,,"""CallDown MS 2""",
A1TX,False,F,"""F""",,"2,2","""Flak Cannon""","""Flak Cannon - [Level 1]"""
A1UK,False,,,,"2,2","""Walrus Critical 3""",""""""
A1UL,False,,,,"2,2","""Walrus Critical 1""",""""""
A1UM,False,,,,"2,2","""Walrus Critical 2""",""""""
S00U,False,R,"""R""",,"3,2","""Rain of Chaos""","""Rain of Chaos - [Level 1]"""
A1US,True,E,E,,"2,2","""Aghanim Warlock""","""Rifle Upgrade - [Level 1]"""
A1UW,True,E,E,,"2,2","""Aghanim Razor""","""Rifle Upgrade - [Level 1]"""
A1V0,True,E,E,,"2,2","""Aghanim Viper""","""Rifle Upgrade - [Level 1]"""
A1VI,True,E,E,,"2,2","""Aghanim Tiny""","""Rifle Upgrade - [Level 1]"""
A1VT,False,,,,,"""Hellfire Blast MS 1""",
A1VV,False,,,,"1,1",Spell Immunity,Spell Immunity
A1VW,False,C,"""C""",,"3,2","""Sanity's Eclipse""","""Sanity's Eclipse - [Level 1]"""
A1VX,True,E,E,,"2,2","""Aghanim Obsidian Destroyer""","""Rifle Upgrade - [Level 1]"""
A1W0,False,,C,,"2,2","""Warclub Cleave""",""""""
A1W2,False,,,,,"""Battle HungerMS 1""",
A1W4,False,,,,"1,1","""Warclub Damage""","""Demolish"""
A1W5,False,,,,,"""Poison Nova Icon""",
A1WC,True,E,E,,"2,2","""Aghanim Enchantress""","""Rifle Upgrade - [Level 1]"""
A1WH,True,R,R,,"3,2","""God's Strength""","""God's Strength - [Level 1]"""
A1WS,False,,,,"0,2","""Demolish Spirit Bear 1""","""Demolish"""
A1WT,False,,,,"0,2","""Demolish Spirit Bear 3""","""Demolish"""
A1WU,False,,,,"0,2","""Demolish Spirit Bear 4""","""Demolish"""
A1WV,False,,,,"0,2","""Demolish Spirit Bear 2""","""Demolish"""
A1Y8,False,,,,"0,2","""Immolation - 3""","""Permanent Immolation"""
A1Y9,False,,,,"0,2","""Immolation - 2""","""Permanent Immolation"""
A1YA,False,,,,"0,2","""Immolation - 1""","""Permanent Immolation"""
A1YI,False,,,,"2,2","""Evasion Medallion""",Evasion
A1YP,False,C,"""C""",,"3,2","""Smash and Chain""","""Smash and Chain - [Level 1] """
A1YR,False,F,"""F""",,"2,2","""Frozen Sigil""","""Frozen Sigil - [Level 1]"""
A1Z1,False,,,,"2,2","""Walrus Critical 4""",""""""
A1ZS,False,R,"""R""",,"1,2","""Walrus Punch""","""Walrus Punch - [Level 1]"""
A1ZT,False,T,,,"0,2","""Supernova Stun""",""""""
A1ZY,False,,,,,"""Ancient Jangoo Bonus""",
A200,False,D,"""D""",,"0,2","""Phoenix Down""","""Phoenix Down - [Level 1]"""
A20L,False,E,"""E""",,"3,2","""Smoke of Deceit""",""""""
A21R,True,E,E,,"2,2","""Aghanim Dark Seer""","""Rifle Upgrade - [Level 1]"""
A21W,True,Q,"""Q""",Q,"0,2","""Quas""","""Quas - [Level 1]"""
A21Y,False,R,"""R""",R,"3,2","""Invoke""","""Invoke [R] - [Level 1]"""
A1GU,False,R,"""R""",R,"3,2","""Invoke upgrade""","""Invoke [R] - [Level 1]"""
A226,True,C,"""C""",C,"2,2","""Anchor Smash""","""Anchor Smash - [Level 1]"""
A227,True,,"""D""",,"2,2","""Anchor Smash Attack Reduction""",""""""
S018,True,,,,"1,1","""Invoke Icy Path""",""""""
S019,True,,,,"1,1","""Invoke Icy Path""",""""""
S01A,True,,,,"1,1","""Invoke Icy Path""",""""""
S01B,True,,,,"1,1","""Invoke Icy Path""",""""""
S01C,True,,,,"1,1","""Invoke Icy Path""",""""""
S01D,True,,,,"1,1","""Invoke Icy Path""",""""""
S01E,True,,,,"1,1","""Invoke Icy Path""",""""""
A22U,True,,,,,"""Ice Wall MS - 4""",
A22V,True,,,,,"""Ice Wall MS - 5""",
A22W,True,,,,,"""Ice Wall MS - 6""",
A22X,True,,,,,"""Ice Wall MS - 7""",
A22Y,True,,,,,"""Ice Wall MS - 3""",
A22Z,True,,,,,"""Ice Wall MS - 2""",
A230,True,,,,,"""Ice Wall MS - 1""",
A231,False,T,T,,"0,2","""Boots of Travel (fixed)""",Tornado
A236,True,E,E,,"2,2","""Aghanim Gyrocopter""","""Rifle Upgrade - [Level 1]"""
A24A,True,D,"""D""",D,"2,1","""Oscillate In""","""Pull In [D]"""
A24M,True,,,,"2,1","""Living Armor""",""""""
A252,False,T,,,"0,2","""Reincarnation Stun""",""""""
A253,True,,,,"2,1","""Living Armor Structure""",""""""
A255,False,,,,"2,2",Evasion,Evasion
A256,False,,,,"2,1","""Corpse Collector - 6""",""""""
A262,False,Z,"""Z""",,"0,2","""Firestorm""",""""""
A26D,False,,,,"2,1","""Corpse Collector - 10""",""""""
A26E,False,,,,"2,1","""Corpse Collector - 5""",""""""
A26F,False,,,,"2,1","""Corpse Collector - 4""",""""""
A26G,False,,,,"2,1","""Corpse Collector - 2""",""""""
A26H,False,,,,"2,1","""Corpse Collector - 3""",""""""
A26I,False,,,,"2,1","""Corpse Collector - 7""",""""""
A26J,False,,,,"2,1","""Corpse Collector - 8""",""""""
A26K,False,,,,"2,1","""Corpse Collector - 9""",""""""
A26L,False,,,,"2,1","""Corpse Collector - 1""",""""""
A26M,False,,,,"2,1","""Corpse Collector - 0""",""""""
A26O,False,F,F,,"0,2","""Firestorm""","""Firestorm - Level 1"""
A26P,False,F,F,,"0,2","""Firestorm""","""Firestorm - Level 1"""
A27A,False,C,"""C""",,"0,2","""Reflection""","""Reflection - [Level 1]"""
A27D,True,E,E,,"2,2","""Aghanim Meepo""","""Rifle Upgrade - [Level 1]"""
A27I,False,,,,"0,2","""Spell Steal Dummy Ability 1""",""""""
A27J,False,,,,"2,2","""Spell Steal Dummy Ability 3""",""""""
A27K,False,,,,"1,2","""Spell Steal Dummy Ability 2""",""""""
A280,True,,,,"2,1","""Living Armor Global""",""""""
A281,True,,,,"2,1","""Living Armor Structure Global""",""""""
A28A,True,E,E,,"2,2","""Aghanim Beastmaster""","""Rifle Upgrade - [Level 1]"""
A28D,True,E,"""E""",,"2,2","""Veil of Discord""","""Kinetic Field - [Level 1]"""
A28G,False,,,,,"""Veil of Discord Icon""",
A28Q,False,V,"""V""",V,"2,2","""Overcharge""","""Overcharge - [Level 1]"""
A28Y,False,B,B,,"2,2","""Hand of Midas""",""""""
A29I,True,V,"""V""",,"3,2","""Ravage""","""Ravage - [Level 1]"""
A29R,False,,,,,"""Leap Smash Slow Main""",
A29S,False,,,,,"""Leap Smash Slow Secondary""",
A29V,True,R,"""R""",R,"2,2","""Retaliation""","""Retaliation - [Level 1]"""
A29Y,True,D,"""D""",D,"3,2","""Rend""","""Rend - [Level 1]"""
A2A7,False,B,B,,"0,2","""Arcane Seal""",""""""
A2AH,False,R,,R,"0,2","""Thirst Vision""",""""""
A2AJ,False,,,,,"""Battle Hunger MS Bonus - 3""",
A2AK,False,,,,,"""Battle Hunger MS Bonus - 4""",
A2AL,False,,,,,"""Battle Hunger MS Bonus - 6""",
A2AM,False,,,,,"""Battle Hunger MS Bonus - 2""",
A2AN,False,,,,,"""Battle Hunger MS Bonus - 5""",
A2AO,False,,,,,"""Battle Hunger MS Bonus - 1""",
A2BD,True,D,"""W""",D,"0,2","""Wraith End""","""End Wraith"""
A2BW,False,,,,,"""Gallop Slow""",
A2BX,False,,,,,"""Gallop Speed - 2""",
A2DV,True,W,,W,"0,2","""Chakram Slow""",Slow
A2DX,False,R,"""R""",,"1,2","""Reality Shift""","""Reality Shift - [Level 1]"""
A2E1,True,E,E,,"1,2",Silence,""""""
A2EB,False,,,,,"""Crippling Staff Slow""",
A2EF,False,,,,,"""Breeze Slow 4""",
A2EG,False,,,,,"""Breeze Slow 3""",
A2EH,False,,,,,"""Breeze Slow 2""",
A2EI,False,,,,,"""Breeze Slow 1""",
A2EP,True,E,E,,"1,2","""Chill Silence""","""Silence - [Level 1]"""
A2EZ,True,F,"""F""",,"3,2","""Frost Giant""","""Frost Giant - [Level 1]"""
A2F1,False,,,,,"""Wind Barrier AS Bonus""",
A2F6,False,,,,,"""Prevailing Winds Slow 3""",
A2F7,False,,,,,"""Prevailing Winds Slow 1""",
A2F8,False,,,,,"""Prevailing Winds Slow 2""",
A2F9,False,,,,,"""Prevailing Winds Haste 3""",
A2FA,False,,,,,"""Prevailing Winds Haste 1""",
A2FB,False,,,,,"""Prevailing Winds Haste 2""",
A2FM,False,,,,,"""Focus""",
A2FW,False,D,D,,"3,2","""Divine Intervention Doom""","""Doom - [Level 1]"""
A2G5,False,D,D,,"3,2","""Duel Doom""","""Doom - [Level 1]"""
A2G7,False,,,,,"""Moment of Courage MS Bonus""",
A2GQ,False,,,,,"""Gallop Speed (allies)""",
A2GR,False,,,,,"""Slight of Fist - AS Bonus""",
A2GS,True,,"""D""",,"2,2","""Slight of Fist Damage - 4""",""""""
A2GT,True,,"""D""",,"2,2","""Slight of Fist Damage - 1""",""""""
A2GU,True,,"""D""",,"2,2","""Slight of Fist Damage - 2""",""""""
A2GV,True,,"""D""",,"2,2","""Slight of Fist Damage - 3""",""""""
A2H0,False,T,"""T""",,"1,2","""Sleight of Fist""","""Sleight of Fist - [Level 1]"""
A2H6,False,,,,,"""Fire Barrier AS Bonus""",
A2HC,False,D,D,,"1,2","""Flash Bomb""",""""""
A2HE,False,E,E,,"1,2","""Concussive Shot Silence""",""""""
A2HH,False,,,,,"""Amp Magic Slow 4""",
A2HI,False,,,,,"""Amp Magic Slow 1""",
A2HJ,False,,,,,"""Amp Magic Slow 3""",
A2HK,False,,,,,"""Amp Magic Slow 2""",
A2HL,False,,,,,"""Amp Magic Slow 5""",
A2HM,False,,,,,"""Amp Magic Slow 6""",
A2HN,False,R,"""R""",,"2,2","""Ancient Seal""","""Ancient Seal [R] - [Level 1]"""
A2I1,False,,,,,"""Amp Magic Slow NEW - 4""",
A2I2,False,,,,,"""Amp Magic Slow NEW - 3""",
A2I3,False,,,,,"""Amp Magic Slow NEW - 1""",
A2I4,False,,,,,"""Amp Magic Slow NEW - 2""",
A2IB,False,,,,,"""Culling Blade MS Bonus""",
A2IH,True,E,E,,"2,2","""Aghanim Visage""","""Rifle Upgrade - [Level 1]"""
A2II,False,,,,,"""Gallop Speed - 3""",
A2IJ,False,,,,,"""Gallop Speed - 1""",
A2IK,False,,,,,"""Gallop Speed - 4""",
A2IZ,False,F,B,F,"0,2","""Stone Form""","""Stone Form"""
A2J0,False,F,B,F,"0,2","""Stone Form""","""Stone Form"""
A2J1,False,F,B,F,"0,2","""Stone Form""","""Stone Form"""
A2JB,False,W,"""W""",,"0,2","""Overwhelming Odds""","""Overwhelming Odds - [Level 1]"""
A2JM,False,C,,C,"0,2","""Crippling Staff Miss""",""""""
A2K2,False,,,,,"""Crippling Staff Disarm""",
B007,False,,,,,,
B009,False,,,,,,
B00X,False,,,,,,
B018,False,,,,,,
B01P,False,,,,,,
B01W,False,,,,,,
B025,False,,,,,,
B002,False,,,,,,
B00A,False,,,,,,
B00J,False,,,,,,
B013,False,,,,,,
B01D,False,,,,,,
B01F,False,,,,,,
B01T,False,,,,,,
B01U,False,,,,,,
B01X,False,,,,,,
B022,False,,,,,,
B02A,False,,,,,,
B02N,False,,,,,,
B02O,False,,,,,,
B02P,False,,,,,,
B02W,False,,,,,,
B033,False,,,,,,
B03J,False,,,,,,
B03M,False,,,,,,
B03N,False,,,,,,
B02Q,False,,,,,,
B03O,False,,,,,,
B03Q,False,,,,,,
B03Z,False,,,,,,
B03T,False,,,,,,
B042,False,,,,,,
B043,False,,,,,,
B046,False,,,,,,
B04C,False,,,,,,
B04I,False,,,,,,
B02U,False,,,,,,
B04P,False,,,,,,
B05A,False,,,,,,
B05D,False,,,,,,
B05H,False,,,,,,
B05M,False,,,,,,
B05N,False,,,,,,
B05O,False,,,,,,
B05R,False,,,,,,
B05S,False,,,,,,
B05V,False,,,,,,
B064,False,,,,,,
B067,False,,,,,,
B069,False,,,,,,
B06F,False,,,,,,
B06H,False,,,,,,
B06J,False,,,,,,
B06N,False,,,,,,
B06P,False,,,,,,
B06R,False,,,,,,
B06T,False,,,,,,
B06X,False,,,,,,
B031,False,,,,,,
B04Z,False,,,,,,
B073,False,,,,,,
B048,False,,,,,,
B049,False,,,,,,
B07B,False,,,,,,
B07C,False,,,,,,
B07D,False,,,,,,
B07E,False,,,,,,
B07F,False,,,,,,
B07G,False,,,,,,
B07I,False,,,,,,
B07J,False,,,,,,
B07L,False,,,,,,
B07U,False,,,,,,
B07V,False,,,,,,
B07Y,False,,,,,,
B081,False,,,,,,
B082,False,,,,,,
B088,False,,,,,,
B08I,False,,,,,,
B08J,False,,,,,,
B040,False,,,,,,
B08L,False,,,,,,
B08O,False,,,,,,
B08R,False,,,,,,
B08T,False,,,,,,
B08U,False,,,,,,
B08W,False,,,,,,
B08Y,False,,,,,,
B092,False,,,,,,
B09F,False,,,,,,
B09G,False,,,,,,
B09H,False,,,,,,
B09I,False,,,,,,
B09K,False,,,,,,
B09L,False,,,,,,
B09M,False,,,,,,
B09N,False,,,,,,
B09O,False,,,,,,
B09R,False,,,,,,
B09T,False,,,,,,
B09U,False,,,,,,
B09W,False,,,,,,
B09X,False,,,,,,
B0A0,False,,,,,,
B0A1,False,,,,,,
B0A2,False,,,,,,
B0A3,False,,,,,,
B0A4,False,,,,,,
B0AG,False,,,,,,
B0AI,False,,,,,,
B0AO,False,,,,,,
B0AP,False,,,,,,
B0AR,False,,,,,,
B0AU,False,,,,,,
B0BH,False,,,,,,
B0BV,False,,,,,,
B0BX,False,,,,,,
B0BY,False,,,,,,
B0C5,False,,,,,,
B0C8,False,,,,,,
B0C9,False,,,,,,
B0CA,False,,,,,,
B0CC,False,,,,,,
B0CD,False,,,,,,
B0CH,False,,,,,,
B0CJ,False,,,,,,
B0CQ,False,,,,,,
B0CX,False,,,,,,
B0CY,False,,,,,,
B0CZ,False,,,,,,
B0D5,False,,,,,,
B0D8,False,,,,,,
B0DB,False,,,,,,
B0DE,False,,,,,,
B0DG,False,,,,,,
B0DH,False,,,,,,
B0DN,False,,,,,,
B0DO,False,,,,,,
B0DV,False,,,,,,
B0DX,False,,,,,,
B0DZ,False,,,,,,
B0E2,False,,,,,,
B0E4,False,,,,,,
B0E5,False,,,,,,
B0E6,False,,,,,,
B0E9,False,,,,,,
B0EC,False,,,,,,
B0ED,False,,,,,,
B0EG,False,,,,,,
B0EH,False,,,,,,
B0EJ,False,,,,,,
B0EK,False,,,,,,
B0EL,False,,,,,,
B0EO,False,,,,,,
B0EQ,False,,,,,,
B0ES,False,,,,,,
B0EU,False,,,,,,
B0EW,False,,,,,,
B0EZ,False,,,,,,
B0F3,False,,,,,,
B0F4,False,,,,,,
B0F5,False,,,,,,
B0F6,False,,,,,,
B0F7,False,,,,,,
B0F8,False,,,,,,
B0F9,False,,,,,,
B0FA,False,,,,,,
B0FF,False,,,,,,
B0FG,False,,,,,,
B0FJ,False,,,,,,
B0FL,False,,,,,,
B0FM,False,,,,,,
B0FO,False,,,,,,
B0FR,False,,,,,,
B0FS,False,,,,,,
B0FT,False,,,,,,
B0FU,False,,,,,,
B0FV,False,,,,,,
B0FW,False,,,,,,
B0FZ,False,,,,,,
Abgm,False,,,,,Blighted Gold Mine Ability,
Aegm,False,,,,,Entangled Gold Mine Ability,
Atol,False,,,,,Tree of Life upgrade ability,
Awrp,False,,,,,Waygate ability,
BNsp,False,,,,,,
Advc,False,,,,,Devour Cargo,
BNin,False,,,,,,
ACbr,False,B,,,,Berserker Rage,Berserker Rage
Boac,False,,,,,,
Adda,False,,,,,AOE damage upon death,
Agho,False,,,,,Ghost,
Aeth,False,,,,,Ghost,
Agld,False,,,,,Gold Mine ability,
Amin,False,,,,,Mine - exploding,
Apiv,False,,,,,Permanent Invisibility,
Artn,False,,,,,Return,
Avul,False,,,,,Invulnerable,
Awan,False,,,,,Wander,
AUmd,False,,,,,Dark Summoning (Malganis),
Argd,False,,,,,Return Gold,
Argl,False,,,,,Return Gold and Lumber,
Arlm,False,,,,,Return Lumber,
Amnz,False,,,,,AOE damage upon death,
Aand,False,,,,,,
ACad,False,,,,,,
Aap1,False,,,,"1,2",Disease Cloud,Disease Cloud
Aap2,False,,,,"0,2",Disease Cloud,
Abli,False,,,,,Blight,
Abds,False,,,,,Blight Dispel Small,
Abdl,False,,,,,Blight Dispel Large,
Abgs,False,,,,,Blight Growth Small,
Abgl,False,,,,,Blight Growth Large,
Amnx,False,,,,,AOE damage upon death,
Adt2,False,,,,,,
Adt3,False,,,,,,
AChd,False,,,,,,
ACma,False,,,,,,
ACm2,False,,,,,Spell Immunity,Spell Immunity
ACm3,False,,,,,Spell Immunity,Spell Immunity
ACsw,False,,,,,,
BNst,False,,,,,,
BNrf,False,,,,,,
Bsha,False,,,,,,
Btdg,False,,,,,,
XIct,False,,,,,,
A038,False,,,,,"""Unit Damage Aura""",
A039,False,,,,,Building Damage Aura,
A00A,False,,,,,"""Invisibility""",
A05K,False,,,,,AOE damage upon death,
A05L,False,,,,,AOE damage upon death,
A05M,False,,,,,AOE damage upon death,
A05N,False,,,,,AOE damage upon death,
A021,False,,,,,Permanent Invisibility,
A0AZ,False,,,,,"""Rot slow""",
A0JA,False,,,,,AOE damage upon death,
A0K4,False,,,,,Permanent Invisibility,
A0O9,False,,,,,"""Ice Path Slow Aura""",
A0KT,False,,,,,"""Moonlight Shadow""",
A0ND,False,,,,,Inventory,
A0OU,False,,,,,"""Icon Placer""",
A0OW,False,,,,,"""Blow Dart""",
A0OX,False,,,,,"""Weave""",
A0OY,False,,,,,"""Weave""",
A0P0,False,,,,,"""Shadow Word""",
A0P1,False,,,,,"""Static Charge""",
A0P2,False,,,,,"""Fatal Bonds""",
A0QJ,False,,,,,"""Surge""",
A0QO,False,,,,,"""Inner Vitality""",
A0QS,True,,,,,"""Berserker's Blood""",
A0RM,False,,,,,"""Refraction Damage""",
A0RN,False,,,,,"""Refraction Prevention""",
A0S0,True,,,,,"""Battle Hunger""",
A0IH,False,,,,,"""Rupture""",
A0V8,True,,,,,"""Wex -Effect""",
A0XB,False,,,,,Permanent Invisibility,
A0VH,True,,,,,"""Ghostwalk Slow""",
A0VL,False,,,,,"""Healing Well""",
A0ZD,False,,,,,"""Permanent Invisibility Wolves""",
A10N,True,,,,,"""Battle Hunger""",
A10O,True,,,,,"""Battle Hunger""",
A10P,True,,,,,"""Battle Hunger""",
A10Y,True,,,,,"""Mana Leak""",
A10Z,True,,,,,"""Mana Leak""",
A110,True,,,,,"""Mana Leak""",
A111,True,,,,,"""Mana Leak""",
A115,True,,,,,"""Track Speed""",
A12D,False,,,,,"""Captain Coco's Rum - MS""",
A12M,False,,,,,"""Windrunner MS""",
A12Q,False,,,,,"""Focus Fire AS""",
A131,False,,,,,"""Windrunner Slow - 2""",
A132,False,,,,,"""Windrunner Slow - 3""",
A133,False,,,,,"""Windrunner Slow - 1""",
A13A,False,,,,,"""Windrunner Slow - 4""",
A13F,True,,,,,"""Blur""",
A13G,True,,,,,"""Blur""",
A13H,True,,,,,"""Blur""",
A13I,True,,,,,"""Blur""",
A140,False,,,,,"""Permanent Invisibility (rexxar)""",
A14J,False,,,,,"""CoP Mana Degen""",
A14W,False,,,,,"""Death Stench MS""",
A14X,False,,,,,"""Death Stench MS""",
A14Y,False,,,,,"""Death Stench MS""",
A14Z,False,,,,,"""Death Stench MS""",
A150,False,,,,,"""Death Stench MS""",
A151,False,,,,,"""Death Stench MS""",
A152,False,,,,,"""Death Stench MS""",
A153,False,,,,,"""Death Stench MS""",
A154,False,,,,,"""Death Stench MS""",
A155,False,,,,,"""Death Stench MS""",
A156,False,,,,,"""Death Stench MS""",
A157,False,,,,,"""Death Stench MS""",
A158,False,,,,,"""Death Stench MS""",
A159,False,,,,,"""Death Stench MS""",
A15A,False,,,,,"""Death Stench MS""",
A15B,False,,,,,"""Death Stench MS""",
A15C,False,,,,,"""Death Stench MS""",
A15D,False,,,,,"""Death Stench MS""",
A15E,False,,,,,"""Death Stench MS""",
A15F,False,,,,,"""Death Stench MS""",
A15G,False,,,,,"""Death Stench MS""",
A15T,False,,,,,"""Death Stench MS""",
A17K,False,,,,,"""Shadow Word""",
A18T,False,,,,,"""Unholy Fervor MS""",
A18U,False,,,,,"""Unholy Fervor MS""",
A18V,False,,,,,"""Unholy Fervor MS""",
A18W,False,,,,,"""Unholy Fervor MS""",
A1F4,False,,,,,"""Warcry - MS""",
A1G8,True,,,,,"""Ancestral MS""",
A1GA,False,,,,,Permanent Invisibility,
A1GH,False,,,,,Ghost,
A1HT,False,,,,,Slow Aura,
A1HU,False,,,,,Building Damage Aura,
A1HW,False,,,,,"""Shadow Dance 1""",
A1HX,False,,,,,"""Shadow Dance 2""",
A1I8,False,,,,,"""Nightcrawler MS - 1""",
A1I9,False,,,,,"""Nightcrawler MS - 2""",
A1IA,False,,,,,"""Nightcrawler MS - 3""",
A1II,False,,,,,"""Tornado MS - 1""",
A1IJ,False,,,,,"""Tornado MS - 3""",
A1IK,False,,,,,"""Tornado MS - 4""",
A1IL,False,,,,,"""Tornado MS - 2""",
A1IX,False,,,,,"""Jinada MS""",
A1J9,False,,,,,"""Cold Feet""",
A1JA,False,,,,,"""Ice Blast""",
A1N7,False,,,,,"""Overpower""",
A1HN,False,,,,,"""Chilling Touch""",
A1PS,False,,,,,"""Curse of the Silent""",
A1Q5,False,,,,,"""Skewer MS""",
A1R0,False,,,,,"""Death Pact""",
A1RZ,False,,,,,"""Phoenix Smash Slow 3""",
A1S0,False,,,,,"""Phoenix Smash Slow 1""",
A1S1,False,,,,,"""Phoenix Smash Slow 4""",
A1S2,False,,,,,"""Phoenix Smash Slow 2""",
A1SE,False,,,,,"""Burst MS - 1""",
A1SK,False,,,,,"""Snowball MS - 2""",
A1TK,False,,,,,"""Tether - MS 3""",
A1TL,False,,,,,"""Tether - MS 2""",
A1TM,False,,,,,"""Tether - MS 1""",
A1TN,False,,,,,"""Tether - MS 4""",
A1WG,False,,,,,"""Permanent Invisibility (hawk)""",
A1X4,False,,,,,"""Sticky Napalm Slow - Level 1 - Stack 3""",
A1X5,False,,,,,"""Sticky Napalm Slow - Level 1 - Stack 4""",
A1X6,False,,,,,"""Sticky Napalm Slow - Level 1 - Stack 5""",
A1X7,False,,,,,"""Sticky Napalm Slow - Level 1 - Stack 6""",
A1X8,False,,,,,"""Sticky Napalm Slow - Level 1 - Stack 8""",
A1X9,False,,,,,"""Sticky Napalm Slow - Level 1 - Stack 9""",
A1XA,False,,,,,"""Sticky Napalm Slow - Level 1 - Stack 7""",
A1XB,False,,,,,"""Sticky Napalm Slow - Level 1 - Stack 2""",
A1XC,False,,,,,"""Sticky Napalm Slow - Level 1 - Stack 1""",
A1XD,False,,,,,"""Sticky Napalm Slow - Level 1 - Stack 10""",
A1XE,False,,,,,"""Sticky Napalm Slow - Level 2 - Stack 2""",
A1XF,False,,,,,"""Sticky Napalm Slow - Level 2 - Stack 3""",
A1XG,False,,,,,"""Sticky Napalm Slow - Level 2 - Stack 4""",
A1XH,False,,,,,"""Sticky Napalm Slow - Level 2 - Stack 5""",
A1XI,False,,,,,"""Sticky Napalm Slow - Level 2 - Stack 6""",
A1XJ,False,,,,,"""Sticky Napalm Slow - Level 2 - Stack 7""",
A1XK,False,,,,,"""Sticky Napalm Slow - Level 2 - Stack 8""",
A1XL,False,,,,,"""Sticky Napalm Slow - Level 2 - Stack 10""",
A1XM,False,,,,,"""Sticky Napalm Slow - Level 2 - Stack 1""",
A1XN,False,,,,,"""Sticky Napalm Slow - Level 2 - Stack 9""",
A1XO,False,,,,,"""Sticky Napalm Slow - Level 3 - Stack 1""",
A1XP,False,,,,,"""Sticky Napalm Slow - Level 3 - Stack 10""",
A1XQ,False,,,,,"""Sticky Napalm Slow - Level 3 - Stack 4""",
A1XR,False,,,,,"""Sticky Napalm Slow - Level 3 - Stack 5""",
A1XS,False,,,,,"""Sticky Napalm Slow - Level 3 - Stack 6""",
A1XT,False,,,,,"""Sticky Napalm Slow - Level 3 - Stack 8""",
A1XU,False,,,,,"""Sticky Napalm Slow - Level 3 - Stack 9""",
A1XV,False,,,,,"""Sticky Napalm Slow - Level 3 - Stack 2""",
A1XW,False,,,,,"""Sticky Napalm Slow - Level 3 - Stack 3""",
A1XX,False,,,,,"""Sticky Napalm Slow - Level 3 - Stack 7""",
A1XY,False,,,,,"""Sticky Napalm Slow - Level 4 - Stack 1""",
A1XZ,False,,,,,"""Sticky Napalm Slow - Level 4 - Stack 2""",
A1Y0,False,,,,,"""Sticky Napalm Slow - Level 4 - Stack 10""",
A1Y1,False,,,,,"""Sticky Napalm Slow - Level 4 - Stack 6""",
A1Y2,False,,,,,"""Sticky Napalm Slow - Level 4 - Stack 7""",
A1Y3,False,,,,,"""Sticky Napalm Slow - Level 4 - Stack 8""",
A1Y4,False,,,,,"""Sticky Napalm Slow - Level 4 - Stack 9""",
A1Y5,False,,,,,"""Sticky Napalm Slow - Level 4 - Stack 3""",
A1Y6,False,,,,,"""Sticky Napalm Slow - Level 4 - Stack 4""",
A1Y7,False,,,,,"""Sticky Napalm Slow - Level 4 - Stack 5""",
A1Z5,False,,,,,"""Sun Ray MS - 4""",
A1Z6,False,,,,,"""Sun Ray MS - 3""",
A1Z7,False,,,,,"""Sun Ray MS - 2""",
A1Z8,False,,,,,"""Sun Ray MS - 1""",
A1ZP,False,,,,,"""Permanent Invisibility Poison Treants""",
A203,False,,,,,"""Walrus Punch""",
A20A,False,,,,,"""Snowball MS - 3""",
A20B,False,,,,,"""Snowball MS - 1""",
A20C,False,,,,,"""Snowball MS - 4""",
A20O,False,,,,,"""Smoke of Deceit MS""",
A20W,False,,,,,"""Thirst MS - 1""",
A20X,False,,,,,"""Thirst MS - 3""",
A20Y,False,,,,,"""Thirst MS - 4""",
A20Z,False,,,,,"""Thirst MS - 2""",
A21I,True,,,,,"""Shallow Grave""",
A23N,False,,,,,"""Nature's Guise - MS""",
A23P,False,,,,,"""Corrosive Skin - 2""",
A23Q,False,,,,,"""Corrosive Skin - 3""",
A23R,False,,,,,"""Corrosive Skin - 4""",
A23S,False,,,,,"""Corrosive Skin - 1""",
A24G,False,,,,,"""Spiritbash - MS""",
A24L,True,,,,,"""Charge of Darkness""",
A24R,False,,,,,"""Sentinel - MS""",
A24S,False,,,,,"""Demonic Clutch MS - 5""",
A24T,False,,,,,"""Demonic Clutch MS - 1""",
A24U,False,,,,,"""Demonic Clutch MS - 4""",
A24V,False,,,,,"""Demonic Clutch MS - 3""",
A24W,False,,,,,"""Demonic Clutch MS - 2""",
A263,False,,,,,"""Sange and Yasha - Slow""",
A264,False,,,,,"""Sange - Slow""",
A26Q,False,,,,,"""Soulsteal - MS 1""",
A26R,False,,,,,"""Soulsteal - MS 2""",
A26S,False,,,,,"""Soulsteal - MS 3""",
A26T,False,,,,,"""Soulsteal - MS 4""",
A26Z,False,,,,,"""Crippling Wave - MS""",
A272,False,,,,,"""Leech Seed - MS""",
A294,False,,,,,"""Timewalk Slow - 1""",
A295,False,,,,,"""Timewalk Slow - 2""",
A296,False,,,,,"""Timewalk Slow - 3""",
A297,False,,,,,"""Timewalk Slow - 4""",
A29C,False,,,,,Permanent Invisibility,
B01G,False,,,,,,
B0AJ,False,,,,,,
B0AK,False,,,,,,
Avng,False,V,,,"0,2",Spirit of Vengeance,Spirit of Vengeance
Bvng,False,,,,,,
Amfl,False,F,,F,"1,2",Mana Flare,Mana Flare
Bmfl,False,,,,,,
Bmfa,False,,,,,,
Apsh,False,E,,E,"3,2",Phase Shift,Phase Shift
Bpsh,False,,,,,,
Aetl,False,E,,,"2,2",Ethereal,Ethereal
Agra,False,W,,,"1,2",War Club,War Club
Assk,False,K,,,"2,2",Hardened Skin,Hardened Skin
Arsk,False,E,,,"3,2",Resistant Skin,Resistant Skin
Btau,False,,,,,,
AEbl,False,B,B,,"1,2",Blink,"""Blink - [Level 1]"""
AEfk,False,B,"""B""",,"0,2","""Nether Blast""","""Nether Blast - [Level 1]"""
AEsh,False,D,D,,"0,2",Shadow Strike,"""Shadow Strike - [Level 1]"""
BEsh,False,,,,,,
BEsi,False,,,,,,
AEsv,False,F,"""F""",,"3,2","""Ignis Fatuus""","""Ignis Fatuus - [Level 1]"""
BEsv,False,,,,,,
Slo2,False,L,,,"0,2",Load Wisp,Load Wisp
Amgl,False,,,,"1,2",Moon Glaive,Moon Glaive
Aspo,False,,,,"1,2",Slow Poison,Slow Poison
Bspo,False,,,,,,
Bssd,False,,,,,,
Ashm,False,I,,,"2,1",Shadow Meld,Hide
Aesn,False,E,,,"0,2",Sentinel,Sentinel
XEsn,False,,,,,,
Aeat,False,E,,,"0,2",Eat Tree,Eat Tree
Ambt,False,R,,R,"0,0",Replenish Mana and Life,Replenish Mana and Life
Awha,False,G,,,"3,1",Gather,Gather
Adtn,False,D,,,"1,2",Detonate,Detonate
Awhe,False,L,,L,"2,2",Heal,Heal
Aent,False,G,,,"1,2",Entangle Gold Mine,Entangle Gold Mine
Aenc,False,L,,U,"1,2",Load,Load
Aroo,False,R,,R,"3,2",Root,Root
Abrf,False,F,,F,"3,2",Bear Form,Bear Form
Arav,False,F,,F,"3,2",Storm Crow Form,Storm Crow Form
Aadm,False,B,,B,"0,2",Abolish Magic,Abolish Magic
Amim,False,,,,"2,2",Spell Immunity,Spell Immunity
Ault,False,,,,,Ultravision,
Acor,False,,,,"0,2",Corrosive Breath,Corrosive Breath
Bcor,False,,,,,,
AEmb,False,B,B,,"0,2",Mana Burn,Mana Burn - [Level 1]
AEim,False,T,"""T""",T,"1,2",Immolation,"""Activate Immolation - [Level 1]"""
BEim,False,,,,,,
AEev,True,V,"""V""",,"1,2",Evasion,"""Evasion - [Level 1]"""
AEme,False,T,T,,"3,2",Metamorphosis,Metamorphosis
AEvi,False,T,T,,"2,2",Metamorphosis,"""Metamorphosis - [Level 1]"""
BEme,False,,,,,,
AEer,False,E,E,,"0,2",Entangling Roots,Entangling Roots - [Level 1]
BEer,False,,,,,,
AEfn,False,F,F,,"2,2",Force of Nature,"""Force of Nature - [Level 1]"""
BEfn,False,,,,,,
AEah,False,,R,,"2,2",Thorns Aura,"""Thorns Aura - [Level 1]"""
BEah,False,,,,,,
AEtr,False,,,,,,
XEtq,False,,,,,,
AHfa,False,R,R,R,"1,2",Searing Arrows,"""Searing Arrows - [Level 1]"""
AEar,False,,T,,"2,2",Trueshot Aura,Trueshot Aura - [Level 1]
BEar,False,,,,,,
AEsf,False,F,F,,"3,2",Starfall,Starfall
AEsd,False,,,,,,
XEsf,False,,,,,,
Afae,False,R,,R,"0,2",Faerie Fire,Faerie Fire
Afa2,False,R,,R,"0,2",Faerie Fire,Faerie Fire
Bfae,False,,,,,,
Acyc,False,C,,,"1,2",Cyclone,Cyclone
Bcyc,False,,,,,,
Bcy2,False,,,,,,
Aren,False,R,,R,"1,1",Renew,Renew
Aroa,False,R,,,"0,2",Roar,Roar
Broa,False,,,,,,
Alit,False,,,,,Lightning Attack,
Bbar,False,,,,,,
Xfns,False,,,,,,
Xfnm,False,,,,,,
Xfnl,False,,,,,,
A01O,False,R,"""R""",,"1,2","""Teleportation""","""Teleportation - [Level 1]"""
A01H,False,R,"""R""",,"3,2","""God's Strength""","""God's Strength - [Level 1]"""
A029,False,,T,,"2,2",Trueshot Aura,"""Trueshot Aura - [Level 1]"""
A02K,False,R,"""R""",,"1,2",Mana Burn,"""Mana Burn - [Level 1]"""
A00W,False,,,,,"""Lightning Attack (Razor)""",
A034,False,G,"""G""",G,"3,2","""Amplify Damage""","""Amplify Damage - [Level 1]"""
A03G,False,R,"""R""",,"3,2","""Elder Dragon Form""","""Elder Dragon Form - [Level 1]"""
A03P,False,,"""R""",,"2,2","""Blur""","""Blur - [Level 1]"""
A041,False,,"""G""",,"1,2",Moon Glaive,"""Moon Glaive - [Level 1] """
A04A,False,F,F,,"2,2","""Scream of Pain""","""Scream of Pain - [Level 1]"""
A04C,False,E,E,,"1,2","""Frostbite""","""Frostbite - [Level 1]"""
A05B,True,G,"""G""",,"3,2","""Guardian Angel""","""Guardian Angel - [Level 1]"""
A062,False,,"""L""",,"2,2","""Lunar Blessing""","""Lunar Blessing - [Level 1]"""
A06X,False,V,"""V""",V,"3,2","""Pulse Nova""","""Activate Pulse Nova - [Level 1]"""
A048,False,,R,,"2,1","""Morph""","""Morph - [Level 1]"""
A01E,False,G,"""G""",,"2,2","""Poison Sting""","""Poison Sting - [Level 1] """
A093,False,F,"""F""",,"3,2","""Shapeshift""","""Shapeshift - [Level 1]"""
A080,False,V,"""V""",,"3,2","""Viper Strike""","""Viper Strike - [Level 1]"""
A0AQ,False,V,"""V""",V,"3,2","""Pulse Nova""","""Activate Pulse Nova - [Level 1]"""
A0BE,False,G,"""G""",G,"0,2","""Berserker Rage""","""Berserker Rage - [Level 1]"""
A00V,False,,R,,"2,2","""Return""","""Return - [Level 1]"""
A01X,False,F,"""F""",,"2,2","""Static Field""","""Static Field - [Level 1]"""
A02G,False,W,"""W""",,"1,2","""Howl""","""Howl - [Level 1]"""
A07D,False,,,,"2,1",Slow Poison,"""Corrosive Attack"""
A0A0,False,E,E,,"0,2","""Entangle""","""Entangle"""
A0AG,False,F,"""F""",F,"3,2","""True Form""","""Bear Form - [Level 1]"""
A00C,False,T,"""T""",,"0,2","""Star Storm""","""Star Storm - [Level 1]"""
A01V,False,E,"""E""",,"1,2","""Eyes in the Forest""","""Eyes in the Forest - [Level 1]"""
A03U,False,,"""E""",,"2,2","""Take Aim""","""Take Aim - [Level 1] """
A03W,False,R,,R,"0,2","""Targetted""",Faerie Fire
A050,True,R,"""R""",R,"3,2","""Enrage""","""Become Enraged - [Level 1]"""
A05E,False,T,"""T""",,"1,2","""Heat Seeking Missile""","""Heat Seeking Missile - [Level 1]"""
A05V,False,D,"""D""",,"0,2","""Death Pulse""","""Death Pulse - [Level 1]"""
A05W,False,F,F,,"0,2","""Death Pulse Heal""",Fan of Knives - [Level 1]
A06K,False,R,"""R""",R,"1,2","""Rot""","""Activate Rot - [Level 1]"""
A06D,False,,"""F""",,"2,2","""Flesh Heap""","""Flesh Heap - [Level 1]"""
A07W,True,D,B,,"3,2","""Spirit Displacement""","""Spirit Displacement"""
A08T,False,F,,F,"1,2",Mana Flare,Mana Flare
A03H,False,Z,"""Z""",,"1,2",Mana Burn,"""Mana Burn - z - [Level 1]"""
A0D9,False,,"""D""",,"3,2","""Phantom Edge""","""Phantom Edge - [Level 1]"""
A0DH,False,C,"""C""",,"3,2","""Echo Slam""","""Echo Slam - [Level 1]"""
A0DJ,False,,"""A""",,"2,2","""Aftershock""","""Aftershock - [Level 1]"""
A0DL,False,E,"""E""",,"1,2","""Enchant Totem""","""Enchant Totem - [Level 1]"""
A0DM,False,F,F,,"0,2","""Echo Slam reverberate""",Fan of Knives - [Level 1]
A0BU,False,,"""C""",,"2,2","""Craggy Exterior""","""Craggy Exterior - [Level 1]"""
A0DW,False,,"""N""",,"0,2","""Untouchable""","""Untouchable - [Level 1]"""
A0DZ,False,,"""K""",,"2,2","""Backstab""","""Backstab - [Level 1]"""
A0EA,False,K,,,"2,2","""Stout Shield Damage Block""",Hardened Skin
A0EG,False,F,"""F""",,"3,2","""Demon Fury""","""Demon Fury - [Level 1]"""
A07P,False,E,"""E""",E,"2,2","""Perdition""","""Perdition - [Level 1]"""
A03I,False,B,B,,"1,2",Blink,"""Blink - [Level 1]"""
A0B4,True,R,"""R""",R,"3,2","""Track""","""Track - [Level 1]"""
A0DO,False,B,,,"0,2","""Liberate Soul""","""Liberate Soul"""
A0DS,False,B,,,"0,2","""Liberate Soul""","""Liberate Soul"""
A0DT,False,B,,,"0,2","""Liberate Soul""","""Liberate Soul"""
A0EO,False,F,"""F""",,"3,2","""Ignis Fatuus""","""Ignis Fatuus - [Level 1]"""
A0EY,False,Z,"""Z""",,"0,2","""Shadowraze""","""Shadowraze (Z) - [Level 1]"""
A0EZ,False,X,,,"1,2","""Shadowraze""","""Shadowraze (X) - [Level 1]"""
A0F7,False,E,E,,"1,2","""Watery Grasp""","""Frostbite - [Level 1]"""
A0FV,False,,"""W""",,"3,2","""Warpath""","""Warpath - [Level 1]"""
A0GI,False,C,"""C""",C,"0,2","""Charge of Darkness old""","""Charge of Darkness- [Level %d]"""
A0GJ,False,C,"""C""",C,"0,2","""Charge of Darkness""","""Charge of Darkness- [Level 1]"""
A0GU,True,V,"""V""",,"1,2","""Last Will Level 1""","""Last Will Level 1"""
A0GT,True,V,"""V""",,"1,2","""Last Will 1""","""Last Will"""
A0GV,False,R,B,,"0,2","""Necronomicon Mana Burn lvl 1""","""Mana Burn"""
A0GX,True,V,"""V""",,"1,2","""Last Will Level 2""","""Last Will Level 2"""
A0GZ,True,V,"""V""",,"1,2","""Last Will Level 3""","""Last Will Level 3"""
A0H3,False,,,,"2,2","""Necronomicon Spell Immunity""",Spell Immunity
A0HM,False,L,L,L,"1,2","""Sand Storm Damage""",Activate Immolation - [Level 1]
A0JU,False,T,T,,"3,2",Metamorphosis,Metamorphosis
A0JY,False,F,F,,"0,2","""Magic Stick""",""""""
A0KY,False,,"""D""",,"2,2","""Spell Shield""","""Spell Shield - [Level 1]"""
A0JP,False,,E,,"2,2","""Corrosive Skin""","""Corrosive Skin - [Level 1]"""
A0JV,False,R,B,,"0,2","""Necronomicon Mana Burn lvl 2""","""Mana Burn"""
A0JW,False,R,B,,"0,2","""Necronomicon Mana Burn lvl 3""","""Mana Burn"""
A0KH,False,E,"""E""",E,"2,2","""Earth Bind""","""Earth Bind - [Level 1]"""
A0LE,True,B,"""B""",,"1,2","""Blood Bath""","""Blood Bath - [Level 1]"""
A0LW,False,F,F,,"0,2","""Exorcise Spirit""",Fan of Knives - [Level 1]
A0M3,False,,"""K""",,"2,2","""Bristleback""","""Bristleback - [Level 1]"""
A0MA,False,K,,,"2,2","""Stout Shield Damage Block Aegis""",Hardened Skin
A0ME,False,B,B,,"1,2",Blink,"""Blink - [Level 1]"""
A0MM,False,,"""E""",,"2,2","""Corrosive Skin""","""Corrosive Skin - [Level 1]"""
A0MO,False,F,"""F""",,"3,2","""Ignis Fatuus""","""Ignis Fatuus - [Level 1]"""
A0MV,False,T,T,,"2,2",Metamorphosis,"""Metamorphosis - [Level 1]"""
A0N0,False,T,"""T""",T,"0,2","""Take Flight""",Storm Crow Form
A0NE,False,V,"""V""",V,"1,2","""Voodoo Restoration""","""Activate Voodoo Restoration - [Level 1]"""
A0O0,False,,"""F""",,"2,2","""Fervor""","""Fervor - [Level 1]"""
A0O8,False,,"""Q""",,"2,2","""Liquid Fire""","""Liquid Fire - [Level 1]"""
A0GP,False,R,"""R""",,"1,2","""Quill Spray""","""Quill Spray - [Level 1]"""
A0H8,False,K,,,"2,2","""Stout Shield Damage Block Vanguard (melee)""",Hardened Skin
A0LP,False,B,,,"0,2","""Liberate Soul""","""Liberate Soul"""
A0MW,False,,"""D""",,"3,2","""Divided We Stand""","""Divided We Stand - [Level 1]"""
A0Q7,False,D,D,,"0,2",Shadow Strike,"""Shadow Strike - [Level 1]"""
A0QW,False,V,"""V""",,"2,2","""Overload""","""Overload - [Level 1]"""
A0QY,False,E,"""E""",E,"1,2","""Electric Rave""","""Electric Rave - Level 1"""
A0R8,True,F,F,,"0,2","""Zombify """,""""""
A0RO,False,B,"""B""",,"2,2","""Psi Blades""","""Psi Blades - Level 1"""
A0RB,False,D,D,,"0,2",Shadow Strike,"""Shadow Strike - [Level 1]"""
A0S6,False,,,,"0,0",Spell Immunity,Spell Immunity
A0S7,False,R,B,,"0,2","""Psionic Trap Mana Burn""",""""""
A0SB,False,F,"""F""",F,"2,2",Phase Shift,"""Phase Shift - [Level 1]"""
A0SS,True,F,"""F""",,"1,2","""Feast""","""Feast - [Level 1]"""
A0SU,False,,,,"0,0",Spell Immunity,Spell Immunity
A0UR,False,,,,,"""Lightning Attack (Wex)""",
A0YK,True,,"""D""",,"3,2","""Phantom Edge""","""Phantom Edge - [Level 1]"""
A0YQ,False,,,,,"""Flaming Hand new""",
A0YT,False,,"""K""",,"2,2","""Storm Seeker""","""Storm Seeker - [Level 1]"""
A0Z3,False,K,,,"2,2","""Spirit Damage Block""",Hardened Skin
A0ZA,False,K,,,"2,2","""Power Cog Damage Block""",Hardened Skin
A10S,True,,"""R""",,"0,2","""Devour""","""Devour"""
A11T,True,F,"""F""",,"3,2","""Spirit Form""","""Spirit Form - [Level 1]"""
A130,False,W,"""W""",,"2,2","""Windrunner""","""Windrunner - [Level 1]"""
A13Q,False,F,F,,"0,2","""Magic Stick""",Fan of Knives - [Level 1]
A13T,True,D,"""D""",,"1,2","""Tidebringer""","""Tidebringer - [Level 1]"""
A14A,False,F,F,,"0,2","""Power Treads""",""""""
A14E,True,V,"""V""",,"1,1","""Blank""",""""""
A14F,True,V,"""V""",,"0,1","""Blank""",""""""
A14G,True,V,"""V""",,"3,0","""Blank""",""""""
A14H,True,V,"""V""",,"2,1","""Blank""",""""""
A14I,False,W,"""W""",,"2,2","""Windrunner""","""Windrunner - [Level 1]"""
A14P,False,R,"""R""",,"0,2","""Static Remnant""","""Static Remnant - [Level 1]"""
A15J,False,F,"""F""",,"3,2","""Flesh Golem""","""Flesh Golem - [Level 1]"""
A15W,False,F,F,,"0,2","""Blademail""",""""""
A17N,False,D,D,,"0,2",Shadow Strike,""""""
A18X,True,,"""F""",,"2,2","""Fiery Soul""","""Fiery Soul - [Level 1]"""
A191,True,,"""""",,"1,2","""Rush""","""Rush - [Level 1]"""
A19Z,False,E,"""E""",,"2,2","""Firefly""","""Firefly - [Level 1]"""
A1A3,True,R,"""R""",,"1,2","""Nethertoxin""","""Nethertoxin - [Level 1]"""
A1A4,False,F,F,,"0,2","""Linken Sphere Dummy""",""""""
A1AC,False,F,F,,"0,2","""Ghost Potion""",""""""
A1AV,False,G,"""G""",G,"3,2","""Amplify Damage upgrade""","""Amplify Damage - [Level 1]"""
A1C0,False,T,"""T""",T,"0,2","""Splitshot""","""Split Shot - [Level 1]"""
A1CD,True,N,"""N""",,"2,2","""Natural Order""","""Natural Order - [Level 1]"""
A1DI,False,K,,,"2,2","""Stout Shield Damage Block PMS""",Hardened Skin
A1E7,False,F,F,,"0,2","""Plasma Field""","""Plasma Field - [Level 1]"""
A1EA,False,R,"""R""",,"0,2","""Refraction""","""Refraction - [Level 1]"""
A1EE,False,R,"""R""",,"1,2","""Rabid""","""Rabid - [Level 1]"""
A1EF,False,R,"""R""",,"1,2","""Rabid""","""Rabid - [Level 1]"""
A1EG,False,R,"""R""",,"1,2","""Rabid""","""Rabid - [Level 1]"""
A1EH,False,R,"""R""",,"1,2","""Rabid""","""Rabid - [Level 1]"""
A1EI,False,R,"""R""",,"1,2","""Rabid""","""Rabid - [Level 1]"""
A1EJ,True,R,"""R""",,"3,2","""Battle Trance""","""Battle Trance - [Level 1]"""
A1EQ,False,,,,"1,2","""Split Shot Reduction Level 3""",Elune's Grace'
A1ER,False,,,,"1,2","""Split Shot Reduction Level 4""",Elune's Grace'
A1ES,False,,,,"1,2","""Split Shot Reduction Level 2""",Elune's Grace'
A1ET,False,,,,"1,2","""Split Shot Reduction Level 1""",Elune's Grace'
A1EW,False,F,F,,"0,2","""Khadgar's Pipe of Insight""",""""""
A1FD,False,E,,,"0,2","""Tree Chop""",Eat Tree
A1FJ,False,,,,"1,2","""Focus Fire Reductio Level 3""",Elune's Grace'
A1FK,False,,,,"1,2","""Focus Fire Reductio Level 1""",Elune's Grace'
A1FL,False,,,,"1,2","""Focus Fire Reductio Level 2""",Elune's Grace'
A1FT,False,K,,,"2,2","""Stout Shield Damage Block""",Hardened Skin
A1FU,False,K,,,"2,2","""Stout Shield Damage Block PMS""",Hardened Skin
A1FV,False,K,,,"2,2","""Stout Shield Damage Block PMS""",Hardened Skin
A1FW,False,K,,,"2,2","""Stout Shield Damage Block PMS""",Hardened Skin
A1GF,False,F,F,,"0,2","""Infestation""","""Infestation"""
A1GT,True,E,"""E""",E,"2,2","""Exort""","""Exort - [Level 1]"""
A1H0,False,F,F,,"0,2","""Echo Slam reverberate half""",Fan of Knives - [Level 1]
A1HR,True,N,"""N""",,"2,2","""Essence Shift""","""Essence Shift - [Level 1]"""
A1HV,False,D,"""D""",,"1,2","""Shadow Dance""","""Shadow Dance - [Level 1]"""
A1IH,True,N,"""N""",,"3,2","""Nightcrawler""","""Nightcrawler - [Level 1]"""
A1IM,False,C,"""C""",,"0,2","""Dark Pact""","""Dark Pact - [Level 1]"""
A1IQ,True,D,"""J""",,"1,2","""Jinada""","""Jinada - [Level 1]"""
A1IV,False,W,"""W""",,"3,2","""Grow""","""Grow! - [Level 1]"""
A1JB,True,I,"""I""",,"2,2","""Ice Shell""","""Ice Shell - [Level 1]"""
A1K0,True,,"""D""",,"2,2","""IceShell Magic 4,3""",""""""
A1K2,True,,"""D""",,"2,2","""IceShell Magic 4,6""",""""""
A1K3,True,,"""D""",,"2,2","""IceShell Magic 4,4""",""""""
A1K4,True,,"""D""",,"2,2","""IceShell Magic 3,2""",""""""
A1K5,True,,"""D""",,"2,2","""IceShell Magic 2,4""",""""""
A1K6,True,,"""D""",,"2,2","""IceShell Magic 1,1""",""""""
A1K7,True,,"""D""",,"2,2","""IceShell Magic 1,2""",""""""
A1K8,True,,"""D""",,"2,2","""IceShell Magic 1,3""",""""""
A1K9,True,,"""D""",,"2,2","""IceShell Magic 1,4""",""""""
A1KA,True,,"""D""",,"2,2","""IceShell Magic 1,6""",""""""
A1KB,True,,"""D""",,"2,2","""IceShell Magic 2,1""",""""""
A1KC,True,,"""D""",,"2,2","""IceShell Magic 2,2""",""""""
A1KD,True,,"""D""",,"2,2","""IceShell Magic 2,3""",""""""
A1KE,True,,"""D""",,"2,2","""IceShell Magic 4,5""",""""""
A1KF,True,,"""D""",,"2,2","""IceShell Magic 2,5""",""""""
A1KG,True,,"""D""",,"2,2","""IceShell Magic 2,6""",""""""
A1KH,True,,"""D""",,"2,2","""IceShell Magic 3,1""",""""""
A1KI,True,,"""D""",,"2,2","""IceShell Magic 3,3""",""""""
A1KJ,True,,"""D""",,"2,2","""IceShell Magic 3,4""",""""""
A1KK,True,,"""D""",,"2,2","""IceShell Magic 3,5""",""""""
A1KL,True,,"""D""",,"2,2","""IceShell Magic 3,6""",""""""
A1KM,True,,"""D""",,"2,2","""IceShell Magic 4,1""",""""""
A1KN,True,,"""D""",,"2,2","""IceShell Magic 4,2""",""""""
A1KO,True,,"""D""",,"2,2","""IceShell Magic 1,5""",""""""
A1LF,True,,"""D""",,"2,2","""IceShell Magic 4,7""",""""""
A1MH,False,R,"""R""",R,"3,2","""Chilling Rage""","""Activate Chilling Rage - [Level 1]"""
A1MK,True,G,"""G""",,"3,2","""Gust""","""Gust - [Level 1]"""
A1MN,True,T,"""T""",,"3,2","""Ice Blast Helper""","""Ice Blast"""
A1N2,True,F,"""F""",,"3,2","""Spirit Form""","""Spirit Form - [Level 1]"""
A1N4,False,V,"""V""",,"1,2","""Overpower""","""Overpower - [Level 1]"""
A1N8,True,G,"""G""",,"3,2","""Gust""","""Gust - [Level 1]"""
A1NE,True,T,"""T""",,"3,2","""Familiars""","""Summon Familiars [T] - [Level 1]"""
A1NI,False,E,"""E""",,"1,2","""Unstable Concoction""","""Unstable Concoction - [Level 1]"""
A1NK,True,F,F,,"0,2","""Stone Form""","""Stone Form"""
A1NO,False,K,,,"2,2","""Stout Shield Damage Block Vanguard (ranged)""",Hardened Skin
A1NL,False,F,,F,"0,2","""Stone Form""","""Stone Form"""
A1NM,False,F,,F,"0,2","""Stone Form""","""Stone Form"""
A1NN,False,F,,F,"0,2","""Stone Form""","""Stone Form"""
A1NB,False,F,,F,"0,2","""Stone Form""","""Stone Form"""
A1NC,False,F,,F,"0,2","""Stone Form""","""Stone Form"""
A1ND,False,F,,F,"0,2","""Stone Form""","""Stone Form"""
A1OB,False,C,"""C""",,"3,2","""Echo Slam""","""Echo Slam - [Level 1]"""
A1OP,False,T,"""T""",,"1,2","""Scorched Earth""","""Scorched Earth - [Level 1]"""
A1Q7,False,E,E,,"0,2","""Echostep""","""Echostep - [Level 1]"""
A1Q8,False,F,F,,"0,2","""Soul Ring""",""""""
A1Q9,False,F,F,,"0,2","""Ethereal Blast""",""""""
A1QX,False,K,,,"2,2","""Swarm Damage Block""",Hardened Skin
A1RC,True,W,"""W""",W,"1,1","""Sentinel""","""Transform Sentinel [W]"""
A1RE,False,K,,,"2,2","""Swarm Damage Block""",Hardened Skin
A1S3,False,R,"""R""",,"0,2","""Smash""","""Smash [R] - [Level 1]"""
A1SC,False,D,"""D""",,"2,2","""Cold Shoulder""","""Cold Shoulder - [Level 1]"""
A1T8,False,W,"""W""",,"1,2","""Spirits""","""Spirits [W] - [Level 1]"""
A1TZ,False,K,,,"2,2","""Rocket Damage Block""",Hardened Skin
A1U0,False,K,,,"2,2","""Rocket Damage Block""",Hardened Skin
A1U1,False,K,,,"2,2","""Rocket Damage Block""",Hardened Skin
A1U8,True,G,"""G""",,"3,2","""Freeze Attack""","""Freeze Attack - [Level 1]"""
A1UN,True,N,"""N""",,"1,2","""Inner Frost""","""Inner Frost - [Level 1]"""
A1UZ,False,V,"""V""",,"3,2","""Viper Strike""","""Viper Strike - [Level 1]"""
A1V6,True,R,"""R""",,"0,2","""Mana Break""","""Mana Break - [Level 1]"""
A1VG,False,W,,,"2,1",War Club,War Club
A1VH,False,W,,,"2,1",Sentinel,"""War Club"""
A1VO,False,V,"""V""",V,"2,2","""Overcharge""","""Overcharge - [Level 1]"""
A1WR,False,E,E,,"2,2",Entangling Roots,"""Entangling Roots - [Level 1]"""
A1YQ,True,R,"""R""",,"3,2","""Walrus Punch""","""Walrus Punch - [Level 1]"""
A1ZC,False,K,,,"2,2","""Stout Shield Damage Block Phoenix""",Hardened Skin
A1ZD,False,K,,,"2,2","""Phoenix Damage Block""",Hardened Skin
A1ZE,False,K,,,"2,2","""Phoenix Damage Block""",Hardened Skin
A1ZL,False,E,,,"0,2","""Corruptor""",Eat Tree
A1ZM,False,E,,,"0,2","""Corruptor Ranged""",Eat Tree
A205,True,E,"""R""",E,"2,1","""Sun Ray Movement""","""Activate Sunray Movement - [Level 1]"""
A20T,False,C,"""C""",,"1,2","""Diabolic Edict""","""Diabolic Edict - [Level 1]"""
A20U,True,F,F,,"0,0","""Buyback Cooldown""","""Buyback In Cooldown"""
A215,True,,"""R""",,"2,2","""Blur - Evasion 3""",""""""
A216,True,,"""R""",,"2,2","""Blur - Evasion 2""",""""""
A217,True,,"""R""",,"2,2","""Blur - Evasion 1""",""""""
A218,True,,"""R""",,"2,2","""Blur - Evasion 4""",""""""
A21D,False,R,"""R""",,"2,2","""Blur""","""Blur - [Level 1]"""
A21X,True,W,"""W""",W,"1,2","""Wex""","""Wex - [Level 1]"""
A229,False,F,F,,"2,2","""Flak Cannon""","""Flak Cannon - [Level 1]"""
A22A,False,F,,F,"3,2","""Flak Cannon In""",""""""
A22B,False,F,,F,"3,2","""Flak Cannon Out""",""""""
A232,False,F,,F,"3,2","""MetaMorph In - 1""",""""""
A233,False,F,,F,"3,2","""MetaMorph Out - 3""",""""""
A234,False,T,"""T""",,"2,2","""Metamorphosis""","""Metamorphosis - [Level 1]"""
A238,False,F,,F,"3,2","""MetaMorph In - 4""",""""""
A239,False,F,,F,"3,2","""MetaMorph In - 3""",""""""
A23A,False,F,,F,"3,2","""MetaMorph In - 2""",""""""
A23B,False,F,,F,"3,2","""MetaMorph Out - 1""",""""""
A23C,False,F,,F,"3,2","""MetaMorph Out - 2""",""""""
A23D,False,F,,F,"3,2","""MetaMorph Out - 4""",""""""
A23G,True,E,E,,"2,2","""Wither""","""Wither - [Level 1]"""
A24J,False,C,"""C""",,"1,2","""Conjure Image""","""Conjure Image - [Level 1]"""
A24O,True,V,"""V""",,"2,2","""Living Armor""","""Living Armor - [Level 1]"""
A269,False,F,F,,"0,2","""Ring of Basilius""",""""""
A27C,False,,"""D""",,"3,2","""Divided We Stand""","""Divided We Stand - [Level 1]"""
A27L,True,,"""N""",,"2,2","""Null Field""","""Null Field - [Level 1]"""
A27M,False,,,,"1,2","""Null Field Level 3""",Elune's Grace'
A27N,False,,,,"1,2","""Null Field Level 1""",Elune's Grace'
A27O,False,,,,"1,2","""Null Field Level 2""",Elune's Grace'
A27P,False,,,,"1,2","""Null Field Level 4""",Elune's Grace'
A288,False,E,"""E""",,"2,2","""Expulsion""","""Expulsion - Level 1"""
A28E,False,,,,"1,2","""Veil of Discord""",Elune's Grace'
A28I,False,,,,"1,2","""Natural Order Spell (new) - 3""",Elune's Grace'
A28J,False,,,,"1,2","""Natural Order Spell (new) - 1""",Elune's Grace'
A28K,False,,,,"1,2","""Natural Order Spell (new) - 2""",Elune's Grace'
A28L,False,,,,"1,2","""Natural Order Spell (new) - 4""",Elune's Grace'
A28M,False,,,,"1,2","""Ice Vortex Spell Amp (new) - 3""",Elune's Grace'
A28N,False,,,,"1,2","""Ice Vortex Spell Amp (new) - 4""",Elune's Grace'
A28O,False,,,,"1,2","""Ice Vortex Spell Amp (new) - 2""",Elune's Grace'
A28P,False,,,,"1,2","""Ice Vortex Spell Amp (new) - 1 """,Elune's Grace'
A29G,False,W,"""W""",,"3,2","""Thundergod's Wrath""","""Thundergod's Wrath - [Level 1]"""
A29H,False,W,"""W""",,"3,2","""Thundergod's Wrath""","""Thundergod's Wrath - [Level 1]"""
A29K,False,R,"""R""",,"1,2","""Slithereen Crush""","""Slithereen Crush - [Level 1]"""
A29L,True,V,"""V""",,"3,2","""Reverse Polarity""","""Reverse Polarity - [Level 1]"""
A29O,False,E,E,,"0,2","""Conjure Force""",""""""
A29P,True,C,"""C""",C,"0,2","""Slice and Dice""","""Slice and Dice - [Level 1]"""
A2A6,False,C,"""C""",,"0,2","""Conjure Force""","""Conjure Force - [Level 1]"""
A2AW,False,,,,"1,2","""Wraith - Magic Bonus 3""",Elune's Grace'
A2AX,False,,,,"1,2","""Wraith - Magic Bonus 1""",Elune's Grace'
A2AY,False,,,,"1,2","""Wraith - Magic Bonus 2""",Elune's Grace'
A2AZ,False,,,,"1,2","""Wraith - Magic Bonus 4""",Elune's Grace'
A2BC,False,W,"""W""",,"0,2","""Wraith""","""Wraith - [Level 1]"""
A2BH,False,,,,"1,2","""Amp Magic Damage - 6""",Elune's Grace'
A2BI,False,,,,"1,2","""Amp Magic Damage - 2""",Elune's Grace'
A2BJ,False,,,,"1,2","""Amp Magic Damage - 3""",Elune's Grace'
A2BK,False,,,,"1,2","""Amp Magic Damage - 5""",Elune's Grace'
A2BL,False,,,,"1,2","""Amp Magic Damage - 1""",Elune's Grace'
A2BM,False,,,,"1,2","""Amp Magic Damage - 4""",Elune's Grace'
A2BT,True,,"""""",,"1,2","""Amp Magic""","""Amp Magic - [Level 1]"""
A2BV,False,G,"""G""",,"0,2","""Gallop""","""Gallop- [Level 1]"""
A2C0,True,,"""""",,"1,2","""Brotherhood""","""Brotherhood - [Level 1]"""
A2DY,False,E,,,"2,2","""Reality Shift Ethereal""",Ethereal
A2DZ,True,,"""""",,"2,2","""Fatal Attraction""","""Fatal Attraction - [Level 1]"""
A2E4,True,,E,,"2,2","""Reactive Armor""","""Reactive Armor - [Level 1]"""
A2EU,False,,,,"1,2","""Frost Skin Damage Reduction 2""",Elune's Grace'
A2EV,False,,,,"1,2","""Frost Skin Damage Reduction 3""",Elune's Grace'
A2EW,False,,,,"1,2","""Frost Skin Damage Reduction 4""",Elune's Grace'
A2EX,False,,,,"1,2","""Frost Skin Damage Reduction 1""",Elune's Grace'
A2EY,True,,E,,"2,2","""Moment of Courage""","""Moment of Courage - [Level 1]"""
A2FK,False,D,"""D""",,"0,2","""Whirling Death""","""Whirling Death - [Level 1]"""
A2FR,False,E,"""E""",,"1,2","""Faerie""","""Faerie - [Level 1]"""
A2FT,False,C,"""C""",,"0,2","""Holy Shackles""","""Holy Shackles - [Level 1]"""
A2FV,True,B,B,,"1,2",Blink,"""Blink - [Level 1]"""
A2FX,True,C,"""T""",C,"3,2","""Chakram End""","""Return Chakram"""
A2H1,False,F,,F,"3,2","""Slight of Fist In""",""""""
A2H2,False,F,,F,"3,2","""Slight of Fist Out""",""""""
A2H3,False,C,"""C""",,"0,2","""Searing Chains""","""Searing Chains - [Level 1]"""
A2HA,False,F,"""F""",F,"3,2","""Siege Form""","""Siege Form - [Level 1]"""
A2HG,False,C,"""C""",,"0,2","""Concussive Shot""","""Concussive Shot - [Level 1]"""
A2HT,False,,,,"1,2","""Arcane Silence AMP - 4""",Elune's Grace'
A2HU,False,,,,"1,2","""Arcane Silence AMP - 3""",Elune's Grace'
A2HV,False,,,,"1,2","""Arcane Silence AMP - 1""",Elune's Grace'
A2HW,False,,,,"1,2","""Arcane Silence AMP - 2""",Elune's Grace'
A2ID,False,F,,F,"0,2","""Stone Form""","""Stone Form"""
A2IE,False,F,,F,"0,2","""Stone Form""","""Stone Form"""
A2IF,False,F,,F,"0,2","""Stone Form""","""Stone Form"""
A2IG,True,T,"""T""",,"3,2","""Familiars""","""Summon Familiars [T] - [Level 1]"""
A2IS,False,W,"""W""",,"2,2","""Warcry""","""Warcry - [Level 1]"""
A2IT,False,T,"""T""",,"1,2","""Concussive Shot""","""Concussive Shot - [Level 1]"""
A2JD,False,K,,,"2,2","""Stout Shield Damage Block Iron Boots""",Hardened Skin
A2JE,False,K,,,"2,2","""Stout Shield Damage Block Iron Boots""",Hardened Skin
A2JF,False,,,,"1,2","""Slight of Fist creep atttack""",Elune's Grace'
A2KA,False,W,,,"1,2","""War Club Hack""",War Club
A2KB,False,F,,F,"3,2","""Tiny Aghanim - To alt""",Bear Form
A2KC,False,F,,F,"3,2","""Tiny Aghanim - From alt""",Bear Form
A2KG,False,F,F,,"0,2","""Ring of Aquila""",""""""
A2KM,True,F,"""F""",,"3,2","""Spirit Form""","""Blur - [Level 1]"""
A2KO,False,D,"""D""",,"2,2","""Spiked Carapace""","""Spiked Carapace - [Level 1]"""
A2KU,False,D,"""D""",,"2,2","""Rip Tide""","""Rip Tide - [Level 1]"""
B00T,False,,,,,,
B00W,False,,,,,,
B00Y,False,,,,,,
B00Z,False,,,,,,
B010,False,,,,,,
B015,False,,,,,,
B017,False,,,,,,
B01K,False,,,,,,
B01R,False,,,,,,
B01S,False,,,,,,
B024,False,,,,,,
B02E,False,,,,,,
B000,False,,,,,,
B001,False,,,,,,
B00G,False,,,,,,
B00L,False,,,,,,
B00M,False,,,,,,
B00N,False,,,,,,
B00O,False,,,,,,
B029,False,,,,,,
B02H,False,,,,,,
B02T,False,,,,,,
B034,False,,,,,,
B03K,False,,,,,,
B03L,False,,,,,,
B03S,False,,,,,,
B02Y,False,,,,,,
B044,False,,,,,,
B04G,False,,,,,,
B04N,False,,,,,,
B04S,False,,,,,,
B05B,False,,,,,,
B05C,False,,,,,,
B05I,False,,,,,,
B05P,False,,,,,,
B062,False,,,,,,
B04O,False,,,,,,
B050,False,,,,,,
B089,False,,,,,,
B08A,False,,,,,,
B056,False,,,,,,
B09P,False,,,,,,
B09V,False,,,,,,
B09Z,False,,,,,,
B0A7,False,,,,,,
B0A8,False,,,,,,
B0AA,False,,,,,,
B0AH,False,,,,,,
B0AQ,False,,,,,,
B0BG,False,,,,,,
B0BI,False,,,,,,
B0BZ,False,,,,,,
B0C0,False,,,,,,
B0C1,False,,,,,,
B0CE,False,,,,,,
B0D6,False,,,,,,
B0D7,False,,,,,,
B0DJ,False,,,,,,
B0DM,False,,,,,,
B0DP,False,,,,,,
B0DW,False,,,,,,
B0ER,False,,,,,,
B0EV,False,,,,,,
B0EX,False,,,,,,
B0EY,False,,,,,,
B0FD,False,,,,,,
B0FE,False,,,,,,
B0FN,False,,,,,,
BEia,False,,,,,,
Sbr2,False,,,,,,
Sra2,False,,,,,,
Beat,False,,,,,,
Bgra,False,,,,,,
Bssi,False,,,,,,
Bult,False,,,,,,
B0BW,False,,,,,,
Abof,False,,,,"0,2",Burning Oil,Burning Oil
Bbof,False,,,,,,
Xbof,False,,,,,,
Absk,False,B,,,"0,2",Berserk,"""Berserk"""
Bbsk,False,,,,,,
Sbsk,False,,,,,Berserker Upgrade,
Arbr,False,,,,,Reinforced Burrows Upgrade,Reinforced Burrows
Aast,False,C,,,"2,2",Ancestral Spirit,"""Ancestral Spirit"""
Adcn,False,D,,,"1,2",Disenchant,"""Disenchant"""
Acpf,False,F,,F,"3,2",Corporeal Form,"""Corporeal Form"""
Aspl,False,R,,,"0,2",Spirit Link,"""Spirit Link"""
Bspl,False,,,,,,
Apak,False,,,,,Pack Mule,"""Pack Mule"""
Aliq,False,,,,"1,2",Liquid Fire,"""Liquid Fire"""
Bliq,False,,,,,,
Mliq,False,,,,,,
Auco,False,C,,C,"0,2",Unstable Concoction,"""Unstable Concoction"""
AOhx,False,X,X,,"1,2",Hex,Hex - [Level 1]
BOhx,False,,,,,,
BOvd,False,,,,,,
Acha,False,,,,,Chaos,
Abtl,False,B,,,"0,2",Battle Stations,Battle Stations
Astd,False,D,,,"1,2",Stand Down,Stand Down
Aens,False,E,,,"0,2",Ensnare,Ensnare
Bens,False,,,,,,
Beng,False,,,,,,
Bena,False,,,,,,
Awar,False,,,,"0,2",Pulverize,Pulverize
Adev,False,D,,,"0,2",Devour,Devour
Bdvv,False,,,,,,
Aprg,False,G,,,"0,2",Purge,Purge
Bprg,False,,,,,,
Alsh,False,L,,,"1,2",Lightning Shield,Lightning Shield
Blsh,False,,,,,,
Ablo,False,B,,B,"2,2",Bloodlust,Bloodlust
Bblo,False,,,,,,
Aeye,False,W,,,"0,2",Sentry Ward,Sentry Ward
Beye,False,,,,,,
Asta,False,T,,,"1,2",Stasis Trap,Stasis Trap
Bstt,False,,,,,,
Bsta,False,,,,,,
Ahwd,False,E,,,"2,2",Healing Ward,Healing Ward
Bhwd,False,,,,,,
Aoar,False,,,,,Healing Ward Aura,
Boar,False,,,,,,
Aven,False,T,"""T""",,"1,2","""Poison Sting""","""Poison Sting - [Level 1] """
Apoi,False,T,,,"0,0",Poison Sting,Poison Sting
Apo2,False,T,,,"0,0",Poison Sting,Poison Sting
Bpoi,False,,,,,,
Bpsd,False,,,,,,
BIpb,False,,,,,,
BIpd,False,,,,,,
Anit,False,,,,,Tracking,
Asal,False,,,,"1,2",Pillage,Pillage
Aspi,False,,,,,Spiked Barricades,
Aakb,False,,,,"1,2",War Drums,War Drums
Bakb,False,,,,,,
AOwk,False,W,W,,"0,2",Wind Walk,Wind Walk - [Level 1]
BOwk,False,,,,,,
AOmi,False,R,R,,"1,2",Mirror Image,Mirror Image - [Level 1]
BOmi,False,,,,,,
AOcr,False,,C,,"2,2",Critical Strike,"""Critical Strike - [Level 1]"""
AOww,False,B,B,,"3,2",Bladestorm,Bladestorm
AOcl,False,C,C,,"0,2",Chain Lightning,Chain Lightning - [Level 1]
AOfs,False,F,F,,"1,2",Far Sight,Far Sight - [Level 1]
AOeq,False,E,E,,"3,2",Earthquake,Earthquake
BOeq,False,,,,,,
XOeq,False,,,,,,
AOsh,False,W,W,,"0,2",Shockwave,Shockwave - [Level 1]
AOae,False,,E,,"2,2",Endurance Aura,Endurance Aura - [Level 1]
BOae,False,,,,,,
AOre,False,,R,,"3,2",Reincarnation,Reincarnation
AOsf,False,T,T,,"2,2",Feral Spirit,Feral Spirit - [Level 1]
BOsf,False,,,,,,
AOws,False,T,T,,"1,2",War Stomp,War Stomp - [Level 1]
BOws,False,,,,,,
Xfos,False,,,,,,
Xfom,False,,,,,,
Xfol,False,,,,,,
A00H,False,W,W,,"3,2","""Mass Serpent Ward""","""Mass Serpent Ward - [Level 1]"""
A00Y,True,T,"""T""",,"0,2","""Shock""","""Shock - [Level 1]"""
A01P,False,G,"""G""",,"3,2","""Laguna Blade""","""Laguna Blade - [Level 1]"""
A01W,False,R,"""R""",,"1,2","""Slithereen Crush""","""Slithereen Crush - [Level 1]"""
A025,False,W,W,,"2,2",Wind Walk,"""Wind Walk - [Level 1]"""
A01F,False,D,"""D""",D,"0,2","""Dragon Slave""","""Dragon Slave - [Level 1]"""
A001,False,E,"""E""",,"2,2","""Ultimate""","""Ultimate - [Level 1]"""
A030,False,T,"""T""",,"0,2","""Strafe""","""Strafe - [Level 1]"""
A03D,False,V,"""V""",,"0,2","""Summon Wolves""","""Summon Wolves -  [Level 1]"""
A03E,False,,"""I""",,"2,2","""Feral Impulse""","""Feral Impulse - [Level 1]"""
A03N,False,,"""R""",,"2,2",Critical Strike,"""Critical Strike - [Level 1]"""
A03O,False,T,"""T""",,"3,2","""Phantasm""","""Phantasm - [Level 1]"""
A03Q,False,,C,,"3,2","""Coup de grâce""","""Coup de Grâce - [Level 1]"""
A05D,False,R,"""R""",,"0,2","""Frenzy""","""Frenzy - [Level 1]"""
A00K,False,,C,,"2,2","""Blade Dance""","""Blade Dance - [Level 1]"""
A058,False,,,,,Healing Ward Aura,
A047,False,G,"""G""",,"1,2",Healing Ward,"""Healing Ward - [Level 1]"""
A05G,False,F,"""F""",,"0,2","""Blade Fury""","""Blade Fury - [Level 1]"""
A05S,True,C,C,,"0,2","""Lightning Bolt""",""""""
A063,False,R,R,,"0,2",Mirror Image,"""Mirror Image - [Level 1]"""
A06F,True,V,"""V""",,"3,2","""Reverse Polarity""","""Reverse Polarity - [Level 1]"""
A06H,False,T,"""T""",,"1,2",Stasis Trap,"""Stasis Trap - [Level 1]"""
A06V,True,G,"""G""",,"2,2","""Lightning Storm""","""Lightning Storm - [Level 1]"""
A076,False,,,,"0,2","""Poison Nova 1""",Envenomed Spears
A02E,False,G,"""G""",,"1,2","""Battle Purge""","""Purge - [Level 1]"""
A02V,True,G,"""G""",,"3,2",Purge,""""""
A05Y,False,E,"""E""",,"0,2",Devour,"""Devour - [Level 1]"""
A06A,False,,"""D""",,"2,2","""Degen Aura""","""Degen Aura - [Level 1]"""
A07X,False,W,"""W""",,"3,2","""Wrath of Nature""",""""""
A095,False,F,"""F""",,"3,2","""Finger of Death""","""Finger of Death - [Level 1]"""
A07A,False,W,W,,"2,2",Wind Walk,"""Wind Walk - [Level 1]"""
A09Z,False,G,"""G""",,"3,2","""Laguna Blade""","""Laguna Blade - [Level 1]"""
A09W,False,F,"""F""",,"3,2","""Finger of Death""","""Finger of Death - [Level 1]"""
A0A1,False,W,W,,"3,2","""Mass Serpent Ward""","""Mass Serpent Ward - [Level 1]"""
A0AL,False,W,"""W""",,"3,2","""Wrath of Nature""",""""""
A0BA,False,E,"""E""",,"1,2",Ensnare,"""Ensnare - [Level 1]"""
A0BB,False,R,"""R""",,"3,2","""Rampage""","""Rampage - [Level 1]"""
A00E,False,,C,,"2,2",Critical Strike,"""Critical Strike - [Level 1]"""
A00S,False,F,"""F""",,"0,2","""Hoof Stomp""","""Hoof Stomp - [Level 1]"""
A020,False,C,C,,"0,2","""Arc Lightning""","""Arc Lightning - [Level 1]"""
A05C,False,T,"""T""",T,"0,2","""Sprint""","""Sprint - [Level 1]"""
A09U,True,V,"""V""",,"3,2","""Vendetta""","""Vendetta - [Level 1]"""
A0A9,False,E,,,"2,1","""One""","""One"""
A0AA,False,R,"""R""",R,"1,2","""Rabid""","""Rabid - [Level 1]"""
A0AB,False,R,"""R""",R,"1,2","""Rabid""","""Rabid - [Level 1]"""
A0AC,False,R,"""R""",R,"1,2","""Rabid""","""Rabid - [Level 1]"""
A0AD,False,R,"""R""",R,"1,2","""Rabid""","""Rabid - [Level 1]"""
A0AE,False,R,"""R""",R,"1,2","""Rabid""","""Rabid - [Level 1]"""
A0BJ,False,,,,"0,2","""Poison Sting Spiderlings""","""Poison Sting"""
A083,False,B,"""B""",B,"2,2",Bloodlust,"""Bloodlust - [Level 1]"""
A08F,False,B,"""B""",B,"2,2",Bloodlust,"""Bloodlust - [Level 1]"""
A08G,False,B,"""B""",B,"2,2",Bloodlust,"""Bloodlust - [Level 1]"""
A08I,False,B,"""B""",B,"2,2",Bloodlust,"""Bloodlust - [Level 1]"""
A0AK,False,R,"""R""",,"3,2","""Remote Mines""","""Remote Mines - [Level 1]"""
A0D6,False,,"""C""",,"2,2","""Lucky Stars""","""Lucky Stars - [Level 1]"""
A0D7,False,W,W,,"1,2","""Doppelwalk""","""Doppelwalk - [Level 1]"""
A08W,False,D,"""D""",,"2,2","""Anonymous Dead""","""Anonymous Dead - [Level 1]"""
A09C,False,B,,B,"2,2","""Grave Chill Effect""",Bloodlust
A0E2,False,C,C,,"3,2","""Culling Blade""","""Culling Blade - [Level 1]"""
A0EB,False,B,,,"0,2",Berserk,"""Berserk"""
A0ED,False,,"""W""",,"0,0","""Wounding Spear""","""Wounding Spear - [Level 1]"""
A0EH,False,,C,,"2,1","""Demon Fury""","""Demon Fury"""
A0CA,False,C,"""C""",,"1,2","""Shukuchi""","""Shukuchi - [Level 1]"""
A082,False,C,"""C""",,"2,2","""Displace""","""Displace - [Level 1]"""
A0B8,False,R,R,,"1,2","""Manta Image""",Mirror Image - [Level 1]
A0CY,False,,"""W""",,"3,2","""Grow""","""Grow! - [Level 1]"""
A0FK,True,C,C,,"1,2","""Maelstrom lightning""","""Chain Lightning - [Level 1]"""
A0G0,False,B,,B,"2,2","""Warpath effect""",Bloodlust
A0G5,False,,"""T""",,"2,2","""Greater Bash""","""Greater Bash - [Level 1]"""
A0GY,False,,E,,"1,2","""Necronomicon Endurance Aura Level 1""","""Necronomicon Endurance Aura"""
A0HE,False,R,"""R""",,"3,2","""Requiem of Souls""","""Requiem of Souls - [Level 1]"""
A0HL,False,E,F,,"0,2","""Necronomicon Reveal""","""Necronomicon Reveal"""
A0IU,True,B,"""B""",B,"2,2","""Time Walk Effect""","""Bloodlust - [Level 1]"""
A0IZ,True,C,C,,"1,2","""Point Target""",""""""
A0J0,True,C,C,,"1,2","""Time Travel""",""""""
A0KF,False,,"""""",,"2,2","""Time Walk (Degen Aura)""",""""""
A0KI,False,,,,"0,2","""Corrosive Skin Effect""",Envenomed Spears
A0LC,True,R,"""R""",,"3,2","""Enrage""","""Become Enraged - [Level 1]"""
A0LG,False,B,"""B""",B,"2,2","""Thirst speed buff""",""""""
A0GB,False,,E,,"1,2","""Necronomicon Endurance Aura Level 2""","""Necronomicon Endurance Aura"""
A0HN,False,,E,,"1,2","""Necronomicon Endurance Aura Level 3""","""Necronomicon Endurance Aura"""
A0M8,False,B,,B,"2,2","""Track move bonus""",Bloodlust
A0MF,False,T,"""T""",,"1,2","""Aphotic Shield""","""Aphotic Shield - [Level 1]"""
A0MH,False,B,"""B""",B,"2,2","""Mark effect""",""""""
A0MG,False,F,"""F""",,"2,2","""Frostmourne""","""Frostmourne - [Level 1]"""
A0ML,True,C,C,,"0,2","""Charge of Darkness""","""Charge of Darkness- [Level 1]"""
A0MN,False,D,"""D""",,"1,2","""Voodoo""","""Voodoo - [Level 1]"""
A0MY,False,T,"""T""",,"1,2","""Poison Sting""","""Poison Sting - [Level 1] """
A0N6,False,E,"""E""",,"0,2","""Phase""","""Phase - [Level 1]"""
A0NM,False,C,C,,"0,2","""Paralyzing Cask""","""Paralyzing Cask - [Level 1]"""
A0GK,True,B,"""B""",,"1,2","""Brain Sap""","""Brain Sap - [Level 1]"""
A0NS,False,B,"""B""",,"3,2","""Borrowed Time""","""Borrowed Time - [Level 1]"""
A0O5,False,R,"""R""",,"3,2","""Macropyre""","""Macropyre - [Level 1]"""
A0OD,False,,,,"0,2","""Auto Fire Flame""",Burning Oil
A0OJ,False,T,"""T""",,"1,2","""Astral Imprisonment""","""Astral Imprisonment - [Level 1]"""
A0HY,False,,E,,"2,2","""Spectral Dagger""",""""""
A0I2,False,,E,,"2,2","""Spectral Dagger""",""""""
A0EF,True,,E,,"2,2","""Warpath""",""""""
A0G2,True,C,C,,"1,2","""Mystic Snake""","""Mystic Snake - [Level 1]"""
A0IM,False,,,,"0,2","""Flaming Fists""","""Flaming Fists"""
A0IQ,False,,,,"0,2","""Flaming Fists""","""Flaming Fists"""
A0IS,False,,,,"0,2","""Flaming Fists""","""Flaming Fists"""
A0J8,True,,"""D""",,"2,2","""Upheaval""",""""""
A0JK,True,C,C,,"1,2","""Mjollnir""","""Chain Lightning - [Level 1]"""
A0JZ,True,R,"""R""",,"2,1","""Burst""","""Burst - [Level 1]"""
A0LN,False,E,"""E""",,"2,2","""Leap""","""Leap - [Level 1]"""
A0LO,False,,E,,"2,2","""Leap (effect)""",""""""
A0N7,False,,"""G""",,"2,2","""Geostrike""","""Geostrike - [Level 1]"""
A0NC,False,E,,,"0,2","""Earthbind Helper""",Ensnare
A0Q4,False,,E,,"2,2","""Assault Cuirass IAS Aura""",Endurance Aura - [Level 1]
A0QH,False,R,"""R""",,"2,2","""Surge""","""Surge - Level 1"""
A0QX,True,G,"""G""",,"3,2","""Overload""",""""""
A0R7,False,R,"""R""",,"2,2","""Surge""","""Surge - Level 1"""
A0RI,False,E,"""E""",,"1,2","""Cage""",""""""
A0RD,True,,E,,"2,2","""Price of Reflex""",""""""
A0RV,False,D,"""D""",,"1,2","""Meld""","""Meld - Level 1"""
A0RX,False,D,"""D""",,"1,2","""Voodoo""","""Voodoo - [Level 1]"""
A0RY,False,R,"""R""",,"0,2","""Frenzy""","""Frenzy - [Level 1]"""
S009,False,,,,"0,1","""Courier Morph - Chicken to Penguin""",
S00B,False,,,,"0,1","""Courier Morph - Dune Worm to Carrion Beetle""",
S00C,False,,,,"0,1","""Courier Morph - Penguin to Raccoon""",
S00D,False,,,,"0,1","""Courier Morph - Dog to Dune Worm""",
S00E,False,,,,"0,1","""Courier Morph - Carrion Beetle to Fel Boar""",
S00F,False,,,,"0,1","""Courier Morph - Fel Boar to Rabit""",
A0SY,True,,"""D""",,"2,2","""ICEARMOR""","""Degen Aura - [Level 1]"""
S00G,False,,,,"0,1","""Courier Morph - To Mini Pudge""",
A0XL,True,V,"""""",,"1,1","""Ghost Walk""","""Ghost Walk [QQW] - [V]"""
A0YD,True,F,"""""",,"2,1","""Ghost Walk""","""Ghost Walk [QQW] - [F]"""
A0YJ,False,T,T,,"1,2","""Dummy AOE Stun""",""""""
A0IF,False,,E,,"2,2","""Essence Aura""","""Essence Aura - [Level 1]"""
A0MC,False,,"""L""",,"2,2","""Last Word""","""Last Word  - [Level 1]"""
A0Z1,True,,E,,"2,2","""Global AS (effect0""",""""""
A0ZC,True,,E,,"2,1","""Wolf Form""","""Wolf Form"""
A10K,False,R,"""R""",,"1,2","""Avalanche Stomp""",""""""
A0ZS,False,,"""W""",,"3,2","""Grow""",""""""
A10A,False,,"""W""",,"3,2","""Grow""",""""""
A10B,False,,"""W""",,"3,2","""Grow""",""""""
A124,True,,C,,"2,2",Critical Strike,""""""
A127,True,R,"""R""",,"3,2","""Nightcrawler""","""Nightcrawler - [Level 1]"""
A128,False,W,W,,"0,2","""Nightcrawler WindWalk""",""""""
A12J,False,E,"""E""",,"0,2","""Shackleshot""","""Shackleshot - [Level 1]"""
A13P,True,V,W,,"3,2","""Invisibility""","""Invisibility"""
A14R,False,E,"""E""",,"1,2","""Electric Vortex""","""Electric Vortex - [Level 1]"""
A15K,True,,"""L""",,"1,1","""Plague""","""Plague - [Level 1]"""
A15L,True,,"""L""",,"2,1","""Undying Aura""","""Undying Aura - [Level 1]"""
A15Y,False,,,,,"""Heart Regen""",
A15Z,True,,"""G""",,"2,2","""Deathstrike""","""Deathstrike"""
A176,False,B,,B,"2,2","""Tombstone Bonus""",""""""
A177,True,,"""L""",,"1,1","""Plague""",""""""
A178,True,,"""L""",,"1,1","""Plague""",""""""
A17T,False,B,"""B""",B,"2,2","""Bloodlust Multi""",""""""
A182,True,,,,,"""Totem of Water""",
A18A,False,,E,,"2,2","""Totem of Wind""",""""""
A18Y,False,B,,B,"2,2","""Fiery Soul Bonus - 1a""",""""""
A18Z,False,B,,B,"2,2","""Fiery Soul Bonus - 1b""",""""""
A195,False,B,,B,"2,2","""Fiery Soul Bonus - 4c""",""""""
A196,False,B,,B,"2,2","""Fiery Soul Bonus - 4b""",""""""
A19D,False,B,,B,"2,2","""Fiery Soul Bonus - 3c""",""""""
A19E,False,B,,B,"2,2","""Fiery Soul Bonus - 3b""",""""""
A19G,False,B,,B,"2,2","""Fiery Soul Bonus - 2c""",""""""
A19H,False,B,,B,"2,2","""Fiery Soul Bonus - 2b""",""""""
A19I,False,B,,B,"2,2","""Fiery Soul Bonus - 2a""",""""""
A19J,False,B,,B,"2,2","""Fiery Soul Bonus - 1c""",""""""
A19K,False,B,,B,"2,2","""Fiery Soul Bonus - 3a""",""""""
A19L,False,B,,B,"2,2","""Fiery Soul Bonus - 4a""",""""""
A192,False,R,"""R""",,"2,2","""Rush Bonus""",""""""
A194,True,W,"""W""",,"2,2","""Open Wounds""","""Open Wounds - [Level 1]"""
A19O,True,F,"""F""",,"3,2","""Flaming Lasso""","""Flaming Lasso - [Level 1]"""
A1A9,False,F,"""F""",,"0,2","""Great Stomp Effect""",""""""
A1AK,False,C,C,,"0,2","""Lightning Sentry Bolt""",""""""
A1AY,False,T,"""T""",,"3,2","""Phantasm upgraded""","""Phantasm - [Level 1]"""
A1B1,False,R,"""R""",,"3,2","""Macropyre upgrade""","""Macropyre - [Level 1]"""
A1CP,False,T,T,,"0,2","""Great Stomp""","""Great Stomp - [Level 1]"""
A1DA,False,B,"""B""",,"3,2","""Borrowed Time Upgrade""","""Borrowed Time - [Level 1]"""
A1DJ,False,C,C,,"0,2","""Eye of the Storm Lightning""",""""""
S00I,False,,,,"0,1","""Courier Morph - To Crow""",
S00J,False,,,,"0,1","""Courier Morph - To Vulture""",
A1F8,False,,,,"1,2","""Liquid Fire - 3""","""Liquid Fire"""
A1F9,False,,,,"1,2","""Liquid Fire - 4""","""Liquid Fire"""
A1FA,False,,,,"1,2","""Liquid Fire - 2""","""Liquid Fire"""
A1FB,False,,,,"1,2","""Liquid Fire - 1""","""Liquid Fire"""
A1FM,False,C,C,,"0,2","""Arc Lightning""","""Arc Lightning - [Level 1]"""
A1FY,False,R,"""R""",,"3,2","""Remote Mines""","""Remote Mines - [Level 1]"""
A1G9,True,B,,B,"2,2","""Ancestral Charge""",""""""
A1GV,False,R,"""R""",R,"3,2","""Invoke upgrade""","""Invoke [R] - [Level 1]"""
A1GZ,True,E,"""E""",,"2,2","""Entangle Buff 2""","""Entangle"""
A1IB,False,,,,,"""Nightcrawler - 3""",
A1IC,False,,,,,"""Nightcrawler - 1""",
A1ID,False,,,,,"""Nightcrawler - 2""",
A1IN,True,D,"""D""",,"3,2","""Shadow Dance""","""Shadow Dance - [Level 1]"""
A1MP,False,R,"""R""",,"3,2","""Requiem of Souls""","""Requiem of Souls - [Level 1]"""
A1MR,False,C,C,,"3,2","""Culling Blade""","""Culling Blade - [Level 1]"""
A1MV,True,F,"""F""",,"3,2","""Flaming Lasso""","""Flaming Lasso - [Level 1]"""
S00L,False,,,,"0,1","""Courier Morph - To Mini Techies""",
A1OI,True,,"""U""",,"2,2","""Scorched earth MS - 1""",""""""
S00S,False,,,,"0,1","""Morph - Sentinel Defender""",
S00T,False,,,,"0,1","""Morph - Sentinel Attacker""",
A1S8,False,D,"""D""",,"0,2","""Disruption""","""Disruption - [Level 1]"""
A1SA,True,G,"""G""",,"3,2","""Demonic Purge""","""Demonic Purge - [Level 1]"""
A1SI,False,C,C,,"2,2","""Incinerate""","""Incinerate - [Level 1]"""
A1SM,False,E,,,"0,2","""Chainfreeze Helper""",Ensnare
A1SQ,False,E,"""E""",,"1,2","""Homing Missile""","""Homing Missile - [Level 1]"""
A1SW,True,D,"""D""",,"1,2","""Glimpse""","""Glimpse [D] - [Level 1]"""
A1SY,True,C,C,,"0,2","""Spark - 2""",""""""
A1SZ,True,C,C,,"0,2","""Spark - 1""",""""""
A1T0,True,C,C,,"0,2","""Spark - 3""",""""""
A1TA,False,T,"""T""",,"0,2","""Tether""","""Tether - [Level 1]"""
A1U7,True,C,C,,"0,2","""Thunder Surge""",""""""
A1V7,True,T,"""T""",,"1,2","""Orb of Venom - Melee""","""Poison Sting - [Level 1] """
A1V8,True,T,"""T""",,"1,2","""Orb of Venom - Ranged""","""Poison Sting - [Level 1] """
S00V,False,,,,"0,1","""Courier Morph - Raccoon to Crab""",
S00W,False,,,,"0,1","""Courier Morph - Crab to Seal""",
S00X,False,,,,"0,1","""Courier Morph - Skink to Dog""",
S00Y,False,,,,"0,1","""Courier Morph - Seal to Skink""",
S00Z,False,,,,"0,1","""Courier Morph - To Zeppelin""",
S010,False,,,,"0,1","""Courier Morph - To Owl""",
S011,False,,,,"0,1","""Courier Morph - To Viper""",
S012,False,,,,"0,1","""Courier Morph - To Zeppelin""",
S013,False,,,,"0,1","""Courier Morph - To Crow""",
S014,False,,,,"0,1","""Courier Morph - To Vulture""",
A1WE,False,R,R,,"1,2","""Manta Image (ranged)""",Mirror Image - [Level 1]
S015,False,,,,"0,1","""Courier Morph - Pack to Chicken""",
A1X0,False,R,"""R""",R,"1,2","""Synergy""","""Synergy - [Level 1]"""
A1YH,False,R,R,,"1,2","""Manta Image ( Phoenix )""",Mirror Image - [Level 1]
A1YS,True,,"""D""",,"2,2","""Frozen Sigil""","""Frozen Sigil"""
A1YT,True,,"""D""",,"2,2","""Frozen Sigil""","""Frozen Sigil"""
A1YU,True,,"""D""",,"2,2","""Frozen Sigil""","""Frozen Sigil"""
A1YV,True,,"""D""",,"2,2","""Frozen Sigil""","""Frozen Sigil"""
A1YZ,False,R,"""R""",,"1,2","""Walrus Punch""","""Walrus Punch - [Level 1]"""
A1ZF,False,E,,,"0,2","""Phoenix Ensnare - 1""",Ensnare
A1ZG,False,E,,,"0,2","""Phoenix Ensnare - 2""",Ensnare
A1ZN,True,T,"""T""",,"1,2","""Corruptor - Melee""","""Poison Sting - [Level 1] """
A1ZO,True,T,"""T""",,"1,2","""Corruptor - Ranged""","""Poison Sting - [Level 1] """
A20Q,False,,E,,"2,2","""Janggo Aura""",Endurance Aura - [Level 1]
A21F,True,V,"""V""",,"3,2","""Pulse Nova""","""Activate Pulse Nova - [Level 1]"""
A21G,True,V,"""V""",,"3,2","""Pulse Nova""","""Activate Pulse Nova - [Level 1]"""
A21H,True,V,"""V""",,"3,2","""Pulse Nova""","""Deactivate Pulse Nova"""
S016,False,,,,"0,1","""Courier Morph - To Mini Grunt""",
S017,False,,,,"0,1","""Courier Morph - To Frost""",
A27V,False,,"""N""",,"2,2","""Null Field""","""Null Field - [Level 1]"""
A284,False,C,C,,"0,2","""Fade Bolt""","""Arc Lightning - [Level 1]"""
A28R,False,W,W,,"3,2","""Sonic Wave""","""Sonic Wave - [Level 1]"""
A28S,False,W,W,,"3,2","""Sonic Wave""","""Sonic Wave - [Level 1]"""
A2AE,False,E,"""E""",,"1,2","""Conjure Force""",""""""
S01F,False,,,,"0,1","""Courier Morph - Rabit To Pack""",
A2AV,False,W,W,,"0,2","""Wraith""","""Wind Walk - [Level 1]"""
A2BE,False,C,C,,"0,2","""Arcane Bolt""","""Arcane Bolt - [Level 1]"""
A2DW,False,D,"""D""",,"0,2","""Death Watch""","""Death Watch - [Level 1]"""
A2EO,False,E,"""E""",,"1,2","""Chill""","""Chill [E] - [Level 1]"""
A2FQ,False,F,"""F""",,"2,2","""Focus""","""Focus - [Level 1]"""
A2FS,False,,,,"0,2","""Faerie Passive""","""Faerie Passive"""
A2FU,True,E,"""E""",,"1,2","""Holy Shackles""",""""""
A2G2,False,R,"""R""",,"1,2","""Brotherhood""","""Brotherhood - [Level 1]"""
A2G6,False,R,"""R""",,"1,2","""Brothers in Arms""","""Brothers in Arms - [Level 1]"""
A2H4,False,E,"""E""",,"1,2","""Searing Chains""",""""""
A2H8,True,F,"""F""",,"3,2","""Fire Remnant""",""""""
A2JC,True,B,,B,"2,2","""Cleanse MS Bonus""",""""""
B00H,False,,,,,,
B00I,False,,,,,,
B00S,False,,,,,,
B00V,False,,,,,,
B012,False,,,,,,
B014,False,,,,,,
B027,False,,,,,,
B028,False,,,,,,
B02L,False,,,,,,
B00B,False,,,,,,
B00E,False,,,,,,
B00F,False,,,,,,
B00K,False,,,,,,
B016,False,,,,,,
B01A,False,,,,,,
B01B,False,,,,,,
B01H,False,,,,,,
B02B,False,,,,,,
B035,False,,,,,,
B039,False,,,,,,
B03R,False,,,,,,
B03U,False,,,,,,
B03G,False,,,,,,
B01J,False,,,,,,
B045,False,,,,,,
B02C,False,,,,,,
B04M,False,,,,,,
B051,False,,,,,,
B058,False,,,,,,
B059,False,,,,,,
B05F,False,,,,,,
B05X,False,,,,,,
B065,False,,,,,,
B066,False,,,,,,
B068,False,,,,,,
B06D,False,,,,,,
B06E,False,,,,,,
B06U,False,,,,,,
B06Y,False,,,,,,
B06Z,False,,,,,,
B03W,False,,,,,,
B047,False,,,,,,
B04W,False,,,,,,
B070,False,,,,,,
B071,False,,,,,,
B077,False,,,,,,
B076,False,,,,,,
B078,False,,,,,,
B079,False,,,,,,
B07H,False,,,,,,
B07P,False,,,,,,
B07S,False,,,,,,
B07T,False,,,,,,
B07W,False,,,,,,
B07X,False,,,,,,
B08B,False,,,,,,
B08E,False,,,,,,
B08F,False,,,,,,
B041,False,,,,,,
B08P,False,,,,,,
B08Q,False,,,,,,
B08X,False,,,,,,
B08Z,False,,,,,,
B091,False,,,,,,
B094,False,,,,,,
B096,False,,,,,,
B097,False,,,,,,
B09A,False,,,,,,
B09B,False,,,,,,
B09D,False,,,,,,
B09S,False,,,,,,
B09Y,False,,,,,,
B0A5,False,,,,,,
B0AF,False,,,,,,
B0AL,False,,,,,,
B0AM,False,,,,,,
B0AN,False,,,,,,
B0AT,False,,,,,,
B0AV,False,,,,,,
B0AW,False,,,,,,
B0AX,False,,,,,,
B0AY,False,,,,,,
B0B0,False,,,,,,
B0B1,False,,,,,,
B0B2,False,,,,,,
B0B3,False,,,,,,
B0B4,False,,,,,,
B0B5,False,,,,,,
B0B6,False,,,,,,
B0B7,False,,,,,,
B0B8,False,,,,,,
B0B9,False,,,,,,
B0BA,False,,,,,,
B0AZ,False,,,,,,
B0BJ,False,,,,,,
B0BN,False,,,,,,
B0BP,False,,,,,,
B0BQ,False,,,,,,
B0BS,False,,,,,,
B0C3,False,,,,,,
B0CI,False,,,,,,
B0CK,False,,,,,,
B0CL,False,,,,,,
B0CM,False,,,,,,
B0CN,False,,,,,,
B0D0,False,,,,,,
B0D1,False,,,,,,
B0D2,False,,,,,,
B0D3,False,,,,,,
B0D4,False,,,,,,
B0D9,False,,,,,,
B0DD,False,,,,,,
B0DQ,False,,,,,,
B0DR,False,,,,,,
B0DS,False,,,,,,
B0DT,False,,,,,,
B0DU,False,,,,,,
B0E3,False,,,,,,
B0E8,False,,,,,,
B0EA,False,,,,,,
B0EM,False,,,,,,
B0ET,False,,,,,,
B0F1,False,,,,,,
B0FB,False,,,,,,
B0FC,False,,,,,,
B0FH,False,,,,,,
B0FI,False,,,,,,
BOwd,False,,,,,,
Bpsi,False,,,,,,
BIpi,False,,,,,,
BOea,False,,,,,,
BOsh,False,,,,,,
BOww,False,,,,,,
Bdig,False,,,,,,
Blsa,False,,,,,,
XOre,False,,,,,,
Arpl,False,B,,B,"0,2",Essence of Blight,Essence of Blight
Brpl,False,,,,,,
Arpm,False,C,,C,"1,2",Spirit Touch,Spirit Touch
Brpm,False,,,,,,
Aave,False,,,,"3,2",Destroyer Form,
Afak,False,O,,O,"1,2",Orb of Annihilation,"""Orb of Annihilation"""
Advm,False,D,,,"0,2",Devour Magic,"""Devour Magic"""
Aabs,False,B,,,"0,2",Absorb Mana,"""Absorb Mana"""
Abur,False,B,,B,"3,2",Burrow,Burrow
AUim,False,E,E,,"0,2",Impale,Impale - [Level 1]
BUim,False,,,,,,
AUts,False,,S,,"1,2",Spiked Carapace,Spiked Carapace - [Level 1]
BUts,False,,,,,,
AUcb,False,C,C,,"2,2",Carrion Beetles,Carrion Beetles - [Level 1]
BUcb,False,,,,,,
AUls,False,L,L,,"3,2",Locust Swarm,Locust Swarm
BUlo,False,,,,,,
Amtc,False,,,,,Cargo Hold,
Atru,False,,,,"0,2",True Sight,True Sight
Aaha,False,G,,R,"3,1",Gather,Gather
Auns,False,U,,,"1,2",Unsummon Building,Unsummon Building
Buns,False,,,,,,
Agyd,False,,,,,Create Corpse,
Alam,False,C,,,"3,2",Sacrifice,Sacrifice
Acan,False,C,,,"0,2",Cannibalize,Cannibalize
Acn2,False,C,,,"0,2",Cannibalize,Cannibalize
Astn,False,F,,F,"0,2",Stone Form,Stone Form
Aapl,False,,,,"1,2",Disease Cloud,Disease Cloud
Bapl,False,,,,,,
Afrb,False,,,,,Frost Breath,
Afra,False,,,,"0,2",Frost Attack,Frost Attack
Afr2,False,,,,"1,2","""Skadi Ranged""",""""""
Arai,False,R,,R,"0,2",Raise Dead,Raise Dead
Brai,False,,,,,,
Auhf,False,R,"""R""",,"0,2","""Frenzy""","""Frenzy - [Level 1]"""
Buhf,False,,,,,,
Acrs,False,C,,C,"0,2",Curse,Curse
Bcrs,False,,,,,,
Aams,False,N,,,"1,2",Anti-magic Shell,Anti-magic Shell
Bams,False,,,,,,
Bam2,False,,,,,,
Apos,False,O,,,"2,2",Possession,Possession
Bpos,False,,,,,,
BUdp,False,,,,,,
BUan,False,,,,,,
AUcs,False,C,C,,"0,2",Carrion Swarm,Carrion Swarm - [Level 1]
AUsl,False,E,E,,"1,2",Sleep,Sleep - [Level 1]
BUsl,False,,,,,,
BUst,False,,,,,,
BUsp,False,,,,,,
AUav,False,,V,,"1,2",Vampiric Aura,"""Vampiric Aura - [Level 1]"""
BUav,False,,,,,,
AUfn,False,N,N,,"0,2",Frost Nova,Frost Nova - [Level 1]
AUfa,False,F,F,,"1,2",Frost Armor,Frost Armor - [Level 1]
AUfu,False,F,F,,"1,2",Frost Armor,Frost Armor - [Level 1]
BUfa,False,,,,,,
AUdd,False,D,D,,"3,2",Death And Decay,Death And Decay
XUdd,False,,,,,,
BUdd,False,,,,,,
Acri,False,C,,,"2,2",Cripple,Cripple
Bcri,False,,,,,,
Arst,False,R,,R,"1,1",Restore,Restore
AUau,False,,U,,"2,2",Unholy Aura,Unholy Aura - [Level 1]
BUau,False,,,,,,
AUin,False,N,N,,"3,2",Inferno,Inferno
Xfus,False,,,,,,
Xfum,False,,,,,,
Xful,False,,,,,,
A01D,False,V,"""V""",,"0,2","""Crystal Nova Caster""","""Frost Nova - [Level 1]"""
A02J,False,E,E,,"0,2",Impale,"""Impale - [Level 1]"""
A02L,False,D,"""D""",,"2,2",Spiked Carapace,"""Spiked Carapace - [Level 1]"""
A02M,False,R,"""R""",,"0,2",Carrion Swarm,"""Carrion Swarm - [Level 1]"""
A00N,True,,"""N""",,"3,2","""Eye of the Storm - 3""",""""""
A05T,False,C,"""C""",,"3,2","""Chain Frost""","""Chain Frost - [Level 1]"""
A066,False,N,"""N""",,"3,2","""Omnislash""","""Omnislash - [Level 1]"""
A06W,False,T,"""T""",,"0,2","""Split Earth""","""Split Earth - [Level 1]"""
A071,False,,"""F""",,"0,2","""Feast""","""Feast - [Level 1]"""
A073,False,X,"""X""",,"3,2","""Exorcism""","""Exorcism - [Level 1]"""
A07K,False,E,"""E""",,"3,2","""Raise Revenants""","""Raise Revenant - [Level 1]"""
A006,False,G,"""G""",,"1,2","""Lightning Bolt""","""Lightning Bolt - [Level 1]"""
A08N,False,R,"""R""",,"0,2","""Purification""","""Purification - [Level 1]"""
A08V,False,E,"""E""",,"1,2","""Repel""","""Repel - [Level 1]"""
A03J,False,X,"""X""",,"3,2","""Exorcism""","""Exorcism - [Level 1]"""
A04J,False,X,"""X""",,"3,2","""Exorcism""","""Exorcism - [Level 1]"""
A04M,False,X,"""X""",,"3,2","""Exorcism""","""Exorcism - [Level 1]"""
A04N,False,X,"""X""",,"3,2","""Exorcism""","""Exorcism - [Level 1]"""
A06N,False,R,"""R""",,"0,2",Carrion Swarm,"""Carrion Swarm - [Level 1]"""
A072,False,R,"""R""",,"0,2",Carrion Swarm,"""Carrion Swarm - [Level 1]"""
A074,False,R,"""R""",,"0,2",Carrion Swarm,"""Carrion Swarm - [Level 1]"""
A078,False,R,"""R""",,"0,2",Carrion Swarm,"""Carrion Swarm - [Level 1]"""
A08H,False,C,"""C""",,"3,2","""Chain Frost""","""Chain Frost - [Level 1]"""
A0BC,False,D,"""D""",D,"1,2","""Blind""","""Blind - [Level 1]"""
A06Q,False,T,"""T""",,"0,2","""Sprout""","""Sprout - [Level 1]"""
A07F,False,V,"""V""",,"0,2",Frost Nova,"""Frost Nova - [Level 1]"""
A07Q,False,R,"""R""",,"3,2","""Sunder""","""Sunder - [Level 1]"""
A08R,False,F,F,,"1,2",Frost Armor,"""Frost Armor - [Level 1]"""
A09K,False,E,E,,"0,2",Impale,"""Impale - [Level 1]"""
A0BG,False,B,"""B""",,"1,2","""Spin Web""","""Spin Web - [Level 1]"""
A04Y,False,T,"""T""",,"2,2","""Nightmare""","""Nightmare - [Level 1]"""
A04Z,False,T,"""T""",,"2,2","""Nightmare""","""Nightmare - [Level 1]"""
A06U,False,E,"""E""",E,"1,2","""Entrench""","""Entrench - [Level 1]"""
A06Z,True,E,E,,"0,2","""BSImpale""",Impale - [Level 1]
A070,True,E,E,,"0,2","""BSImpale""",Impale - [Level 1]
A075,False,E,E,,"0,2","""BSImpale""",Impale - [Level 1]
A077,True,E,E,,"0,2","""BSImpale""",Impale - [Level 1]
A07Y,False,E,"""E""",,"1,2","""Mana Leak""","""Mana Leak - [Level 1]"""
A084,False,E,E,,"0,2","""Ravage 1""",Impale - [Level 1]
A05Q,False,N,N,,"0,2",Frost Nova,Frost Nova - [Level 1]
A0D8,False,T,"""T""",,"0,2","""Ante Up""","""Ante Up - [Level 1]"""
A0DK,False,F,"""F""",,"0,2","""Fissure""","""Fissure - [Level 1]"""
A01N,False,,"""T""",,"1,2","""Heartstopper Aura""","""Heartstopper Aura - Level 1"""
A0C3,False,,S,,"1,2","""Blade Mail""",Spiked Carapace - [Level 1]
A08X,False,G,"""G""",,"0,2","""Grave Chill""","""Grave Chill - [Level 1]"""
A09R,False,V,"""V""",,"3,2","""Mana Void""","""Mana Void - [Level 1]"""
A0B2,False,D,D,,"3,2","""Midnight Pulse effect""",Death And Decay
A01B,False,R,"""R""",,"2,2","""Nature's Attendants""","""Nature's Attendants - [Level 1]"""
A00T,False,W,"""W""",,"2,2","""Urna Swarm""","""Urna Swarm - [Level 1]"""
A02F,False,T,"""T""",,"0,2","""Holy Light""","""Holy Light - [Level 1]"""
A07V,True,T,"""T""",,"3,2","""Typhoon""","""Typhoon - [Level 1]"""
A0CL,False,,"""D""",,"2,2","""Dragon Blood""","""Dragon Blood - [Level 1]"""
A0D1,False,C,,,"2,2","""Spirit Lance (Cripple)""",""""""
A0F8,False,B,"""B""",,"1,2","""SandKing Dust""","""Spin Web - [Level 1]"""
A0GE,True,,U,,"2,2","""charge 1""",""""""
A0GF,True,,U,,"2,2","""charge 2""",Unholy Aura - [Level 1]
A0GG,True,,U,,"2,2","""charge 3""",Unholy Aura - [Level 1]
A0GH,True,,U,,"2,2","""charge 4""",Unholy Aura - [Level 1]
A0ES,False,,"""H""",,"1,2","""Empowering Haste""","""Empowering Haste - [Level 1]"""
A0HG,False,R,"""R""",,"0,2","""Requiem of Souls Effect""",""""""
A0HH,False,C,,,"2,2","""Requiem of Souls Cripple Far""",""""""
A0HI,False,C,,,"2,2","""Requiem of Souls Cripple Close""",""""""
A0HJ,False,C,,,"2,2","""Requiem of Souls Cripple Moderate""",""""""
A0HK,False,C,,,"2,2",Cripple,Cripple
A0CZ,False,,"""R""",,"1,2","""Backtrack""","""Backtrack - [Level 1]"""
A0JI,False,,,,"0,2",True Sight,True Sight
A0KW,False,F,,,"2,1","""Morph""","""Strength Morph - [Level 1]    [F]"""
A0KX,False,D,"""D""",,"1,1","""Morph""","""Agility Morph - [Level 1]    [D]"""
A0JQ,False,,"""F""",,"0,2","""Feast""","""Feast - [Level 1]"""
A0LD,False,V,"""V""",,"0,2","""Avalanche""","""Avalanche - [Level 1]"""
A0M0,False,F,"""F""",,"0,2","""Fissure""","""Fissure - [Level 1]"""
A0O1,False,W,"""W""",,"0,2","""Wild Axes""","""Wild Axes - [Level 1]"""
A0O7,False,D,"""D""",,"0,2","""Dual Breath""","""Dual Breath - [Level 1]"""
A0HF,False,C,C,,"0,2",Carrion Beetles,"""Carrion Beetles - [Level 1]"""
A0HQ,False,B,,B,"3,2",Burrow,Burrow
A0HR,False,B,,B,"3,2",Burrow,Burrow
A0HS,False,B,,B,"3,2",Burrow,Burrow
A0HT,False,B,,B,"3,2",Burrow,Burrow
A0KA,True,,V,,"1,2","""Vladmir's Offering""","""Vampiric Aura - [Level 1]"""
A0OZ,False,B,,B,"3,2","""Modified Trap """,Burrow
A0R6,False,R,"""R""",,"1,2","""Barrier""","""Barrier - Level 1"""
A0S2,True,E,"""E""",,"1,2","""Avatar""",""""""
A0UL,True,V,"""V""",,"0,2","""Arctic Blast""","""Frost Nova - [Level 1]"""
A0WV,True,,V,,"1,2","""Insatiable Hunger - Lifesteal Level 2""","""Vampiric Aura - [Level 1]"""
A0WW,True,,V,,"1,2","""Insatiable Hunger - Lifesteal Level 1""","""Vampiric Aura - [Level 1]"""
A0WX,True,,V,,"1,2","""Insatiable Hunger - Lifesteal Level 3""","""Vampiric Aura - [Level 1]"""
A10C,True,C,,,"2,2","""Spirit Lance Slow""",""""""
A118,True,E,"""E""",,"1,2","""Avatar""",""""""
A119,True,E,"""E""",,"1,2","""Avatar""",""""""
A11A,True,E,"""E""",,"1,2","""Avatar""",""""""
A11B,True,E,"""E""",,"1,2","""Avatar""",""""""
A11C,True,E,"""E""",,"1,2","""Avatar""",""""""
A18C,True,B,"""B""",,"3,2","""Borrowed Time""","""Borrowed Time - [Level 1]"""
A18E,True,,"""N""",,"3,2","""Unholy Fervor (bonus-6)""",""""""
A18F,True,,"""N""",,"3,2","""Unholy Fervor (bonus-7)""",""""""
A18G,True,,"""N""",,"3,2","""Unholy Fervor (bonus-8)""",""""""
A18H,True,,"""N""",,"3,2","""Unholy Fervor (bonus-9)""",""""""
A18I,True,,"""N""",,"3,2","""Unholy Fervor (bonus-10)""",""""""
A18J,True,,"""N""",,"3,2","""Unholy Fervor (bonus-11)""",""""""
A18K,True,,"""N""",,"3,2","""Unholy Fervor (bonus-12)""",""""""
A18L,True,,"""N""",,"3,2","""Unholy Fervor (bonus-13)""",""""""
A18M,True,,"""N""",,"3,2","""Unholy Fervor (bonus-14)""",""""""
A18N,True,,"""N""",,"3,2","""Unholy Fervor (bonus-15)""",""""""
A18O,True,,"""N""",,"3,2","""Unholy Fervor (bonus-16)""",""""""
A18Q,True,,"""N""",,"3,2","""Unholy Fervor (bonus-18)""",""""""
A18R,True,,"""N""",,"3,2","""Unholy Fervor (bonus-5)""",""""""
A18S,True,,"""N""",,"3,2","""Unholy Fervor (bonus-20)""",""""""
A197,True,,"""N""",,"3,2","""Unholy Fervor (bonus-17)""",""""""
A198,True,,"""N""",,"3,2","""Unholy Fervor (bonus-3)""",""""""
A199,True,,"""N""",,"3,2","""Unholy Fervor (bonus-1)""",""""""
A19A,True,,"""N""",,"3,2","""Unholy Fervor (bonus-2)""",""""""
A19B,True,,"""N""",,"3,2","""Unholy Fervor (bonus-4)""",""""""
A19C,True,,"""N""",,"3,2","""Unholy Fervor (bonus-19)""",""""""
A19Q,False,,"""C""",,"2,2","""Craggy Exterior""","""Craggy Exterior - [Level 1]"""
A1AP,True,,"""N""",,"3,2","""Eye of the Storm - 2""",""""""
A1AQ,True,,"""N""",,"3,2","""Eye of the Storm - 1""",""""""
A1E6,False,,"""N""",,"2,2","""Unstable Current""","""Unstable Current - [Level 1]"""
A1EV,True,R,"""R""",,"1,2","""Pipe of Insight barrier""",""""""
A1GC,False,R,,R,"3,2",Burrow,"""Burrow"""
A1HL,False,F,"""F""",,"3,2","""Frost Barrier""","""Frost Barrier - Level 1"""
A1HP,False,,"""H""",,"3,2","""Nightcrawler""","""Nightcrawler - [Level 1]"""
A1MF,False,R,"""R""",,"1,2","""Boomerang""","""Boomerang - [Level 1]"""
A0FF,False,,U,,"2,2","""Scorched Earth MS + Regen - Level 4""",""""""
A1OH,False,,U,,"2,2","""Scorched Earth MS + Regen - Level 2""",""""""
A1OJ,False,,U,,"2,2","""Scorched Earth MS + Regen - Level 1""",""""""
A1OK,False,,U,,"2,2","""Scorched Earth MS + Regen - Level 3""",""""""
A1RD,False,D,"""D""",,"2,2","""Skewer""","""Skewer [D] - [Level 1]"""
A1SG,True,,"""H""",,"1,2","""Snowball Aura""",""""""
A1SV,False,W,"""W""",,"1,2","""Psionic Wave""","""Psionic Wave - [Level 1]"""
A1TY,False,,"""G""",,"1,2","""Global Regen""","""Global Regen - [Level 1]"""
A21E,False,T,"""T""",,"0,2","""Sprout""","""Sprout - [Level 1]"""
A21O,False,D,"""D""",D,"1,2","""Blind""",""""""
A23Y,False,D,"""D""",,"2,2","""Rip Tide""","""Rip Tide - [Level 1]"""
A2B8,True,,"""N""",,"3,2","""Wraith MS Bonus - 4""",""""""
A2B9,True,,"""N""",,"3,2","""Wraith MS Bonus - 2""",""""""
A2BA,True,,"""N""",,"3,2","""Wraith MS Bonus - 1""",""""""
A2BB,True,,"""N""",,"3,2","""Wraith MS Bonus - 3""",""""""
A2E2,False,D,"""D""",,"0,2","""Whirling Death""","""Whirling Death - [Level 1]"""
A2F0,False,R,"""R""",,"2,2","""Wind Barrier""","""Wind Barrier - Level 1"""
A2G8,True,,V,,"1,2","""Moment of Courage - Lifesteal 1""","""Vampiric Aura - [Level 1]"""
A2G9,True,,V,,"1,2","""Moment of Courage - Lifesteal 3""","""Vampiric Aura - [Level 1]"""
A2GA,True,,V,,"1,2","""Moment of Courage - Lifesteal 2""","""Vampiric Aura - [Level 1]"""
A2GB,True,,V,,"1,2","""Moment of Courage - Lifesteal 4""","""Vampiric Aura - [Level 1]"""
A2H5,False,E,"""E""",,"2,2","""Fire Barrier""",""""""
A2JS,True,,V,,"1,2","""Fire Barrier - Lifesteal 3""","""Vampiric Aura - [Level 1]"""
A2JT,True,,V,,"1,2","""Fire Barrier - Lifesteal 2""","""Vampiric Aura - [Level 1]"""
A2JU,True,,V,,"1,2","""Fire Barrier - Lifesteal 1""","""Vampiric Aura - [Level 1]"""
A2JV,True,,V,,"1,2","""Fire Barrier - Lifesteal 4""","""Vampiric Aura - [Level 1]"""
B004,False,,,,,,
B006,False,,,,,,
B01I,False,,,,,,
B026,False,,,,,,
B02J,False,,,,,,
B02K,False,,,,,,
B02M,False,,,,,,
B00C,False,,,,,,
B01C,False,,,,,,
B01M,False,,,,,,
B01V,False,,,,,,
B01Z,False,,,,,,
B023,False,,,,,,
B02F,False,,,,,,
B036,False,,,,,,
B037,False,,,,,,
B038,False,,,,,,
B01L,False,,,,,,
B03P,False,,,,,,
B04D,False,,,,,,
B04E,False,,,,,,
B04T,False,,,,,,
B04U,False,,,,,,
B05E,False,,,,,,
B060,False,,,,,,
B061,False,,,,,,
B06A,False,,,,,,
B06I,False,,,,,,
B075,False,,,,,,
B07O,False,,,,,,
B080,False,,,,,,
B083,False,,,,,,
B084,False,,,,,,
B086,False,,,,,,
B087,False,,,,,,
B08C,False,,,,,,
B09C,False,,,,,,
B09E,False,,,,,,
B0BT,False,,,,,,
B0BU,False,,,,,,
B0C6,False,,,,,,
B0C7,False,,,,,,
B0CT,False,,,,,,
B0CU,False,,,,,,
B0CV,False,,,,,,
B0CW,False,,,,,,
B0DK,False,,,,,,
B0FP,False,,,,,,
B0FQ,False,,,,,,
BUcs,False,,,,,,
Bplg,False,,,,,,
